Image,Model,Conf,GT_Count,Pred_Count,TP,FP,FN,Precision,Recall,F1
0004_jpg.rf.ca7c5c7984d0c49b97d713a94471d3bb.jpg,YOLOv8n,0.25,2,2,2,0,0,1.0,1.0,1.0
0004_jpg.rf.ca7c5c7984d0c49b97d713a94471d3bb.jpg,YOLOv9c,0.25,2,1,1,0,1,1.0,0.5,0.6666666666666666
0004_jpg.rf.ca7c5c7984d0c49b97d713a94471d3bb.jpg,YOLOv11,0.25,2,2,2,0,0,1.0,1.0,1.0
0004_jpg.rf.ca7c5c7984d0c49b97d713a94471d3bb.jpg,YOLOv12n,0.25,2,2,2,0,0,1.0,1.0,1.0
0004_jpg.rf.ca7c5c7984d0c49b97d713a94471d3bb.jpg,YOLOv8-FPN,0.25,2,2,2,0,0,1.0,1.0,1.0
0004_jpg.rf.ca7c5c7984d0c49b97d713a94471d3bb.jpg,YOLOv8n,0.5,2,1,1,0,1,1.0,0.5,0.6666666666666666
0004_jpg.rf.ca7c5c7984d0c49b97d713a94471d3bb.jpg,YOLOv9c,0.5,2,1,1,0,1,1.0,0.5,0.6666666666666666
0004_jpg.rf.ca7c5c7984d0c49b97d713a94471d3bb.jpg,YOLOv11,0.5,2,2,2,0,0,1.0,1.0,1.0
0004_jpg.rf.ca7c5c7984d0c49b97d713a94471d3bb.jpg,YOLOv12n,0.5,2,2,2,0,0,1.0,1.0,1.0
0004_jpg.rf.ca7c5c7984d0c49b97d713a94471d3bb.jpg,YOLOv8-FPN,0.5,2,1,1,0,1,1.0,0.5,0.6666666666666666
0004_jpg.rf.ca7c5c7984d0c49b97d713a94471d3bb.jpg,YOLOv8n,0.7,2,1,1,0,1,1.0,0.5,0.6666666666666666
0004_jpg.rf.ca7c5c7984d0c49b97d713a94471d3bb.jpg,YOLOv9c,0.7,2,1,1,0,1,1.0,0.5,0.6666666666666666
0004_jpg.rf.ca7c5c7984d0c49b97d713a94471d3bb.jpg,YOLOv11,0.7,2,1,1,0,1,1.0,0.5,0.6666666666666666
0004_jpg.rf.ca7c5c7984d0c49b97d713a94471d3bb.jpg,YOLOv12n,0.7,2,1,1,0,1,1.0,0.5,0.6666666666666666
0004_jpg.rf.ca7c5c7984d0c49b97d713a94471d3bb.jpg,YOLOv8-FPN,0.7,2,1,1,0,1,1.0,0.5,0.6666666666666666
0389_jpg.rf.ba8ab1ddd00ab73ed568c50f9e1390eb.jpg,YOLOv8n,0.25,1,1,1,0,0,1.0,1.0,1.0
0389_jpg.rf.ba8ab1ddd00ab73ed568c50f9e1390eb.jpg,YOLOv9c,0.25,1,1,1,0,0,1.0,1.0,1.0
0389_jpg.rf.ba8ab1ddd00ab73ed568c50f9e1390eb.jpg,YOLOv11,0.25,1,1,1,0,0,1.0,1.0,1.0
0389_jpg.rf.ba8ab1ddd00ab73ed568c50f9e1390eb.jpg,YOLOv12n,0.25,1,1,1,0,0,1.0,1.0,1.0
0389_jpg.rf.ba8ab1ddd00ab73ed568c50f9e1390eb.jpg,YOLOv8-FPN,0.25,1,1,1,0,0,1.0,1.0,1.0
0389_jpg.rf.ba8ab1ddd00ab73ed568c50f9e1390eb.jpg,YOLOv8n,0.5,1,1,1,0,0,1.0,1.0,1.0
0389_jpg.rf.ba8ab1ddd00ab73ed568c50f9e1390eb.jpg,YOLOv9c,0.5,1,1,1,0,0,1.0,1.0,1.0
0389_jpg.rf.ba8ab1ddd00ab73ed568c50f9e1390eb.jpg,YOLOv11,0.5,1,0,0,0,1,0.0,0.0,0.0
0389_jpg.rf.ba8ab1ddd00ab73ed568c50f9e1390eb.jpg,YOLOv12n,0.5,1,0,0,0,1,0.0,0.0,0.0
0389_jpg.rf.ba8ab1ddd00ab73ed568c50f9e1390eb.jpg,YOLOv8-FPN,0.5,1,0,0,0,1,0.0,0.0,0.0
0389_jpg.rf.ba8ab1ddd00ab73ed568c50f9e1390eb.jpg,YOLOv8n,0.7,1,0,0,0,1,0.0,0.0,0.0
0389_jpg.rf.ba8ab1ddd00ab73ed568c50f9e1390eb.jpg,YOLOv9c,0.7,1,1,1,0,0,1.0,1.0,1.0
0389_jpg.rf.ba8ab1ddd00ab73ed568c50f9e1390eb.jpg,YOLOv11,0.7,1,0,0,0,1,0.0,0.0,0.0
0389_jpg.rf.ba8ab1ddd00ab73ed568c50f9e1390eb.jpg,YOLOv12n,0.7,1,0,0,0,1,0.0,0.0,0.0
0389_jpg.rf.ba8ab1ddd00ab73ed568c50f9e1390eb.jpg,YOLOv8-FPN,0.7,1,0,0,0,1,0.0,0.0,0.0
0606_jpg.rf.3c4b519ebec4abb88fea12cbb4fbf5f0.jpg,YOLOv8n,0.25,1,1,1,0,0,1.0,1.0,1.0
0606_jpg.rf.3c4b519ebec4abb88fea12cbb4fbf5f0.jpg,YOLOv9c,0.25,1,2,1,1,0,0.5,1.0,0.6666666666666666
0606_jpg.rf.3c4b519ebec4abb88fea12cbb4fbf5f0.jpg,YOLOv11,0.25,1,1,1,0,0,1.0,1.0,1.0
0606_jpg.rf.3c4b519ebec4abb88fea12cbb4fbf5f0.jpg,YOLOv12n,0.25,1,1,1,0,0,1.0,1.0,1.0
0606_jpg.rf.3c4b519ebec4abb88fea12cbb4fbf5f0.jpg,YOLOv8-FPN,0.25,1,1,1,0,0,1.0,1.0,1.0
0606_jpg.rf.3c4b519ebec4abb88fea12cbb4fbf5f0.jpg,YOLOv8n,0.5,1,1,1,0,0,1.0,1.0,1.0
0606_jpg.rf.3c4b519ebec4abb88fea12cbb4fbf5f0.jpg,YOLOv9c,0.5,1,1,1,0,0,1.0,1.0,1.0
0606_jpg.rf.3c4b519ebec4abb88fea12cbb4fbf5f0.jpg,YOLOv11,0.5,1,1,1,0,0,1.0,1.0,1.0
0606_jpg.rf.3c4b519ebec4abb88fea12cbb4fbf5f0.jpg,YOLOv12n,0.5,1,1,1,0,0,1.0,1.0,1.0
0606_jpg.rf.3c4b519ebec4abb88fea12cbb4fbf5f0.jpg,YOLOv8-FPN,0.5,1,1,1,0,0,1.0,1.0,1.0
0606_jpg.rf.3c4b519ebec4abb88fea12cbb4fbf5f0.jpg,YOLOv8n,0.7,1,1,1,0,0,1.0,1.0,1.0
0606_jpg.rf.3c4b519ebec4abb88fea12cbb4fbf5f0.jpg,YOLOv9c,0.7,1,1,1,0,0,1.0,1.0,1.0
0606_jpg.rf.3c4b519ebec4abb88fea12cbb4fbf5f0.jpg,YOLOv11,0.7,1,1,1,0,0,1.0,1.0,1.0
0606_jpg.rf.3c4b519ebec4abb88fea12cbb4fbf5f0.jpg,YOLOv12n,0.7,1,1,1,0,0,1.0,1.0,1.0
0606_jpg.rf.3c4b519ebec4abb88fea12cbb4fbf5f0.jpg,YOLOv8-FPN,0.7,1,1,1,0,0,1.0,1.0,1.0
104_jpg.rf.018a67abdad4f1686e65c7a020ce9822.jpg,YOLOv8n,0.25,6,5,5,0,1,1.0,0.8333333333333334,0.9090909090909091
104_jpg.rf.018a67abdad4f1686e65c7a020ce9822.jpg,YOLOv9c,0.25,6,5,5,0,1,1.0,0.8333333333333334,0.9090909090909091
104_jpg.rf.018a67abdad4f1686e65c7a020ce9822.jpg,YOLOv11,0.25,6,6,5,1,1,0.8333333333333334,0.8333333333333334,0.8333333333333334
104_jpg.rf.018a67abdad4f1686e65c7a020ce9822.jpg,YOLOv12n,0.25,6,5,5,0,1,1.0,0.8333333333333334,0.9090909090909091
104_jpg.rf.018a67abdad4f1686e65c7a020ce9822.jpg,YOLOv8-FPN,0.25,6,5,4,1,2,0.8,0.6666666666666666,0.7272727272727272
104_jpg.rf.018a67abdad4f1686e65c7a020ce9822.jpg,YOLOv8n,0.5,6,4,4,0,2,1.0,0.6666666666666666,0.8
104_jpg.rf.018a67abdad4f1686e65c7a020ce9822.jpg,YOLOv9c,0.5,6,5,5,0,1,1.0,0.8333333333333334,0.9090909090909091
104_jpg.rf.018a67abdad4f1686e65c7a020ce9822.jpg,YOLOv11,0.5,6,4,4,0,2,1.0,0.6666666666666666,0.8
104_jpg.rf.018a67abdad4f1686e65c7a020ce9822.jpg,YOLOv12n,0.5,6,3,3,0,3,1.0,0.5,0.6666666666666666
104_jpg.rf.018a67abdad4f1686e65c7a020ce9822.jpg,YOLOv8-FPN,0.5,6,3,3,0,3,1.0,0.5,0.6666666666666666
104_jpg.rf.018a67abdad4f1686e65c7a020ce9822.jpg,YOLOv8n,0.7,6,2,2,0,4,1.0,0.3333333333333333,0.5
104_jpg.rf.018a67abdad4f1686e65c7a020ce9822.jpg,YOLOv9c,0.7,6,1,1,0,5,1.0,0.16666666666666666,0.2857142857142857
104_jpg.rf.018a67abdad4f1686e65c7a020ce9822.jpg,YOLOv11,0.7,6,1,1,0,5,1.0,0.16666666666666666,0.2857142857142857
104_jpg.rf.018a67abdad4f1686e65c7a020ce9822.jpg,YOLOv12n,0.7,6,1,1,0,5,1.0,0.16666666666666666,0.2857142857142857
104_jpg.rf.018a67abdad4f1686e65c7a020ce9822.jpg,YOLOv8-FPN,0.7,6,1,1,0,5,1.0,0.16666666666666666,0.2857142857142857
119_jpg.rf.a6e174c2885f180d063f540d9390a335.jpg,YOLOv8n,0.25,2,2,2,0,0,1.0,1.0,1.0
119_jpg.rf.a6e174c2885f180d063f540d9390a335.jpg,YOLOv9c,0.25,2,3,2,1,0,0.6666666666666666,1.0,0.8
119_jpg.rf.a6e174c2885f180d063f540d9390a335.jpg,YOLOv11,0.25,2,2,2,0,0,1.0,1.0,1.0
119_jpg.rf.a6e174c2885f180d063f540d9390a335.jpg,YOLOv12n,0.25,2,2,2,0,0,1.0,1.0,1.0
119_jpg.rf.a6e174c2885f180d063f540d9390a335.jpg,YOLOv8-FPN,0.25,2,2,2,0,0,1.0,1.0,1.0
119_jpg.rf.a6e174c2885f180d063f540d9390a335.jpg,YOLOv8n,0.5,2,1,1,0,1,1.0,0.5,0.6666666666666666
119_jpg.rf.a6e174c2885f180d063f540d9390a335.jpg,YOLOv9c,0.5,2,2,2,0,0,1.0,1.0,1.0
119_jpg.rf.a6e174c2885f180d063f540d9390a335.jpg,YOLOv11,0.5,2,0,0,0,2,0.0,0.0,0.0
119_jpg.rf.a6e174c2885f180d063f540d9390a335.jpg,YOLOv12n,0.5,2,1,1,0,1,1.0,0.5,0.6666666666666666
119_jpg.rf.a6e174c2885f180d063f540d9390a335.jpg,YOLOv8-FPN,0.5,2,0,0,0,2,0.0,0.0,0.0
119_jpg.rf.a6e174c2885f180d063f540d9390a335.jpg,YOLOv8n,0.7,2,0,0,0,2,0.0,0.0,0.0
119_jpg.rf.a6e174c2885f180d063f540d9390a335.jpg,YOLOv9c,0.7,2,0,0,0,2,0.0,0.0,0.0
119_jpg.rf.a6e174c2885f180d063f540d9390a335.jpg,YOLOv11,0.7,2,0,0,0,2,0.0,0.0,0.0
119_jpg.rf.a6e174c2885f180d063f540d9390a335.jpg,YOLOv12n,0.7,2,0,0,0,2,0.0,0.0,0.0
119_jpg.rf.a6e174c2885f180d063f540d9390a335.jpg,YOLOv8-FPN,0.7,2,0,0,0,2,0.0,0.0,0.0
147_jpg.rf.e9bfa3faeb7bf3380e0f486d503ef014.jpg,YOLOv8n,0.25,5,5,5,0,0,1.0,1.0,1.0
147_jpg.rf.e9bfa3faeb7bf3380e0f486d503ef014.jpg,YOLOv9c,0.25,5,6,5,1,0,0.8333333333333334,1.0,0.9090909090909091
147_jpg.rf.e9bfa3faeb7bf3380e0f486d503ef014.jpg,YOLOv11,0.25,5,5,5,0,0,1.0,1.0,1.0
147_jpg.rf.e9bfa3faeb7bf3380e0f486d503ef014.jpg,YOLOv12n,0.25,5,7,5,2,0,0.7142857142857143,1.0,0.8333333333333333
147_jpg.rf.e9bfa3faeb7bf3380e0f486d503ef014.jpg,YOLOv8-FPN,0.25,5,7,5,2,0,0.7142857142857143,1.0,0.8333333333333333
147_jpg.rf.e9bfa3faeb7bf3380e0f486d503ef014.jpg,YOLOv8n,0.5,5,5,5,0,0,1.0,1.0,1.0
147_jpg.rf.e9bfa3faeb7bf3380e0f486d503ef014.jpg,YOLOv9c,0.5,5,5,5,0,0,1.0,1.0,1.0
147_jpg.rf.e9bfa3faeb7bf3380e0f486d503ef014.jpg,YOLOv11,0.5,5,4,4,0,1,1.0,0.8,0.888888888888889
147_jpg.rf.e9bfa3faeb7bf3380e0f486d503ef014.jpg,YOLOv12n,0.5,5,5,5,0,0,1.0,1.0,1.0
147_jpg.rf.e9bfa3faeb7bf3380e0f486d503ef014.jpg,YOLOv8-FPN,0.5,5,4,4,0,1,1.0,0.8,0.888888888888889
147_jpg.rf.e9bfa3faeb7bf3380e0f486d503ef014.jpg,YOLOv8n,0.7,5,3,3,0,2,1.0,0.6,0.7499999999999999
147_jpg.rf.e9bfa3faeb7bf3380e0f486d503ef014.jpg,YOLOv9c,0.7,5,1,1,0,4,1.0,0.2,0.33333333333333337
147_jpg.rf.e9bfa3faeb7bf3380e0f486d503ef014.jpg,YOLOv11,0.7,5,2,2,0,3,1.0,0.4,0.5714285714285715
147_jpg.rf.e9bfa3faeb7bf3380e0f486d503ef014.jpg,YOLOv12n,0.7,5,1,1,0,4,1.0,0.2,0.33333333333333337
147_jpg.rf.e9bfa3faeb7bf3380e0f486d503ef014.jpg,YOLOv8-FPN,0.7,5,0,0,0,5,0.0,0.0,0.0
167_jpg.rf.26ecef14691a49a446f4033bfa985381.jpg,YOLOv8n,0.25,3,1,1,0,2,1.0,0.3333333333333333,0.5
167_jpg.rf.26ecef14691a49a446f4033bfa985381.jpg,YOLOv9c,0.25,3,2,1,1,2,0.5,0.3333333333333333,0.4
167_jpg.rf.26ecef14691a49a446f4033bfa985381.jpg,YOLOv11,0.25,3,2,1,1,2,0.5,0.3333333333333333,0.4
167_jpg.rf.26ecef14691a49a446f4033bfa985381.jpg,YOLOv12n,0.25,3,2,1,1,2,0.5,0.3333333333333333,0.4
167_jpg.rf.26ecef14691a49a446f4033bfa985381.jpg,YOLOv8-FPN,0.25,3,3,2,1,1,0.6666666666666666,0.6666666666666666,0.6666666666666666
167_jpg.rf.26ecef14691a49a446f4033bfa985381.jpg,YOLOv8n,0.5,3,0,0,0,3,0.0,0.0,0.0
167_jpg.rf.26ecef14691a49a446f4033bfa985381.jpg,YOLOv9c,0.5,3,1,0,1,3,0.0,0.0,0.0
167_jpg.rf.26ecef14691a49a446f4033bfa985381.jpg,YOLOv11,0.5,3,0,0,0,3,0.0,0.0,0.0
167_jpg.rf.26ecef14691a49a446f4033bfa985381.jpg,YOLOv12n,0.5,3,1,1,0,2,1.0,0.3333333333333333,0.5
167_jpg.rf.26ecef14691a49a446f4033bfa985381.jpg,YOLOv8-FPN,0.5,3,0,0,0,3,0.0,0.0,0.0
167_jpg.rf.26ecef14691a49a446f4033bfa985381.jpg,YOLOv8n,0.7,3,0,0,0,3,0.0,0.0,0.0
167_jpg.rf.26ecef14691a49a446f4033bfa985381.jpg,YOLOv9c,0.7,3,0,0,0,3,0.0,0.0,0.0
167_jpg.rf.26ecef14691a49a446f4033bfa985381.jpg,YOLOv11,0.7,3,0,0,0,3,0.0,0.0,0.0
167_jpg.rf.26ecef14691a49a446f4033bfa985381.jpg,YOLOv12n,0.7,3,0,0,0,3,0.0,0.0,0.0
167_jpg.rf.26ecef14691a49a446f4033bfa985381.jpg,YOLOv8-FPN,0.7,3,0,0,0,3,0.0,0.0,0.0
192_jpg.rf.f4e737fa4af8481f1decd5d87069b20a.jpg,YOLOv8n,0.25,1,3,1,2,0,0.3333333333333333,1.0,0.5
192_jpg.rf.f4e737fa4af8481f1decd5d87069b20a.jpg,YOLOv9c,0.25,1,1,1,0,0,1.0,1.0,1.0
192_jpg.rf.f4e737fa4af8481f1decd5d87069b20a.jpg,YOLOv11,0.25,1,1,1,0,0,1.0,1.0,1.0
192_jpg.rf.f4e737fa4af8481f1decd5d87069b20a.jpg,YOLOv12n,0.25,1,2,1,1,0,0.5,1.0,0.6666666666666666
192_jpg.rf.f4e737fa4af8481f1decd5d87069b20a.jpg,YOLOv8-FPN,0.25,1,2,1,1,0,0.5,1.0,0.6666666666666666
192_jpg.rf.f4e737fa4af8481f1decd5d87069b20a.jpg,YOLOv8n,0.5,1,1,1,0,0,1.0,1.0,1.0
192_jpg.rf.f4e737fa4af8481f1decd5d87069b20a.jpg,YOLOv9c,0.5,1,1,1,0,0,1.0,1.0,1.0
192_jpg.rf.f4e737fa4af8481f1decd5d87069b20a.jpg,YOLOv11,0.5,1,1,1,0,0,1.0,1.0,1.0
192_jpg.rf.f4e737fa4af8481f1decd5d87069b20a.jpg,YOLOv12n,0.5,1,0,0,0,1,0.0,0.0,0.0
192_jpg.rf.f4e737fa4af8481f1decd5d87069b20a.jpg,YOLOv8-FPN,0.5,1,1,1,0,0,1.0,1.0,1.0
192_jpg.rf.f4e737fa4af8481f1decd5d87069b20a.jpg,YOLOv8n,0.7,1,0,0,0,1,0.0,0.0,0.0
192_jpg.rf.f4e737fa4af8481f1decd5d87069b20a.jpg,YOLOv9c,0.7,1,0,0,0,1,0.0,0.0,0.0
192_jpg.rf.f4e737fa4af8481f1decd5d87069b20a.jpg,YOLOv11,0.7,1,0,0,0,1,0.0,0.0,0.0
192_jpg.rf.f4e737fa4af8481f1decd5d87069b20a.jpg,YOLOv12n,0.7,1,0,0,0,1,0.0,0.0,0.0
192_jpg.rf.f4e737fa4af8481f1decd5d87069b20a.jpg,YOLOv8-FPN,0.7,1,0,0,0,1,0.0,0.0,0.0
219_jpg.rf.61b8aea4fb3d58c91710eede75ba4479.jpg,YOLOv8n,0.25,1,2,1,1,0,0.5,1.0,0.6666666666666666
219_jpg.rf.61b8aea4fb3d58c91710eede75ba4479.jpg,YOLOv9c,0.25,1,1,1,0,0,1.0,1.0,1.0
219_jpg.rf.61b8aea4fb3d58c91710eede75ba4479.jpg,YOLOv11,0.25,1,1,1,0,0,1.0,1.0,1.0
219_jpg.rf.61b8aea4fb3d58c91710eede75ba4479.jpg,YOLOv12n,0.25,1,1,1,0,0,1.0,1.0,1.0
219_jpg.rf.61b8aea4fb3d58c91710eede75ba4479.jpg,YOLOv8-FPN,0.25,1,2,1,1,0,0.5,1.0,0.6666666666666666
219_jpg.rf.61b8aea4fb3d58c91710eede75ba4479.jpg,YOLOv8n,0.5,1,1,1,0,0,1.0,1.0,1.0
219_jpg.rf.61b8aea4fb3d58c91710eede75ba4479.jpg,YOLOv9c,0.5,1,1,1,0,0,1.0,1.0,1.0
219_jpg.rf.61b8aea4fb3d58c91710eede75ba4479.jpg,YOLOv11,0.5,1,1,1,0,0,1.0,1.0,1.0
219_jpg.rf.61b8aea4fb3d58c91710eede75ba4479.jpg,YOLOv12n,0.5,1,1,1,0,0,1.0,1.0,1.0
219_jpg.rf.61b8aea4fb3d58c91710eede75ba4479.jpg,YOLOv8-FPN,0.5,1,1,1,0,0,1.0,1.0,1.0
219_jpg.rf.61b8aea4fb3d58c91710eede75ba4479.jpg,YOLOv8n,0.7,1,1,1,0,0,1.0,1.0,1.0
219_jpg.rf.61b8aea4fb3d58c91710eede75ba4479.jpg,YOLOv9c,0.7,1,1,1,0,0,1.0,1.0,1.0
219_jpg.rf.61b8aea4fb3d58c91710eede75ba4479.jpg,YOLOv11,0.7,1,1,1,0,0,1.0,1.0,1.0
219_jpg.rf.61b8aea4fb3d58c91710eede75ba4479.jpg,YOLOv12n,0.7,1,1,1,0,0,1.0,1.0,1.0
219_jpg.rf.61b8aea4fb3d58c91710eede75ba4479.jpg,YOLOv8-FPN,0.7,1,1,1,0,0,1.0,1.0,1.0
240_jpg.rf.a8ede4fa93c6c20b4ab4a1ade1fdb392.jpg,YOLOv8n,0.25,3,4,3,1,0,0.75,1.0,0.8571428571428571
240_jpg.rf.a8ede4fa93c6c20b4ab4a1ade1fdb392.jpg,YOLOv9c,0.25,3,3,3,0,0,1.0,1.0,1.0
240_jpg.rf.a8ede4fa93c6c20b4ab4a1ade1fdb392.jpg,YOLOv11,0.25,3,3,3,0,0,1.0,1.0,1.0
240_jpg.rf.a8ede4fa93c6c20b4ab4a1ade1fdb392.jpg,YOLOv12n,0.25,3,4,3,1,0,0.75,1.0,0.8571428571428571
240_jpg.rf.a8ede4fa93c6c20b4ab4a1ade1fdb392.jpg,YOLOv8-FPN,0.25,3,5,3,2,0,0.6,1.0,0.7499999999999999
240_jpg.rf.a8ede4fa93c6c20b4ab4a1ade1fdb392.jpg,YOLOv8n,0.5,3,0,0,0,3,0.0,0.0,0.0
240_jpg.rf.a8ede4fa93c6c20b4ab4a1ade1fdb392.jpg,YOLOv9c,0.5,3,2,2,0,1,1.0,0.6666666666666666,0.8
240_jpg.rf.a8ede4fa93c6c20b4ab4a1ade1fdb392.jpg,YOLOv11,0.5,3,1,1,0,2,1.0,0.3333333333333333,0.5
240_jpg.rf.a8ede4fa93c6c20b4ab4a1ade1fdb392.jpg,YOLOv12n,0.5,3,1,1,0,2,1.0,0.3333333333333333,0.5
240_jpg.rf.a8ede4fa93c6c20b4ab4a1ade1fdb392.jpg,YOLOv8-FPN,0.5,3,2,2,0,1,1.0,0.6666666666666666,0.8
240_jpg.rf.a8ede4fa93c6c20b4ab4a1ade1fdb392.jpg,YOLOv8n,0.7,3,0,0,0,3,0.0,0.0,0.0
240_jpg.rf.a8ede4fa93c6c20b4ab4a1ade1fdb392.jpg,YOLOv9c,0.7,3,0,0,0,3,0.0,0.0,0.0
240_jpg.rf.a8ede4fa93c6c20b4ab4a1ade1fdb392.jpg,YOLOv11,0.7,3,0,0,0,3,0.0,0.0,0.0
240_jpg.rf.a8ede4fa93c6c20b4ab4a1ade1fdb392.jpg,YOLOv12n,0.7,3,0,0,0,3,0.0,0.0,0.0
240_jpg.rf.a8ede4fa93c6c20b4ab4a1ade1fdb392.jpg,YOLOv8-FPN,0.7,3,0,0,0,3,0.0,0.0,0.0
32_jpg.rf.69f882265f4dcc3c9c1022140c7066eb.jpg,YOLOv8n,0.25,3,2,2,0,1,1.0,0.6666666666666666,0.8
32_jpg.rf.69f882265f4dcc3c9c1022140c7066eb.jpg,YOLOv9c,0.25,3,4,3,1,0,0.75,1.0,0.8571428571428571
32_jpg.rf.69f882265f4dcc3c9c1022140c7066eb.jpg,YOLOv11,0.25,3,2,2,0,1,1.0,0.6666666666666666,0.8
32_jpg.rf.69f882265f4dcc3c9c1022140c7066eb.jpg,YOLOv12n,0.25,3,3,2,1,1,0.6666666666666666,0.6666666666666666,0.6666666666666666
32_jpg.rf.69f882265f4dcc3c9c1022140c7066eb.jpg,YOLOv8-FPN,0.25,3,4,2,2,1,0.5,0.6666666666666666,0.5714285714285715
32_jpg.rf.69f882265f4dcc3c9c1022140c7066eb.jpg,YOLOv8n,0.5,3,2,2,0,1,1.0,0.6666666666666666,0.8
32_jpg.rf.69f882265f4dcc3c9c1022140c7066eb.jpg,YOLOv9c,0.5,3,2,2,0,1,1.0,0.6666666666666666,0.8
32_jpg.rf.69f882265f4dcc3c9c1022140c7066eb.jpg,YOLOv11,0.5,3,2,2,0,1,1.0,0.6666666666666666,0.8
32_jpg.rf.69f882265f4dcc3c9c1022140c7066eb.jpg,YOLOv12n,0.5,3,2,2,0,1,1.0,0.6666666666666666,0.8
32_jpg.rf.69f882265f4dcc3c9c1022140c7066eb.jpg,YOLOv8-FPN,0.5,3,3,2,1,1,0.6666666666666666,0.6666666666666666,0.6666666666666666
32_jpg.rf.69f882265f4dcc3c9c1022140c7066eb.jpg,YOLOv8n,0.7,3,2,2,0,1,1.0,0.6666666666666666,0.8
32_jpg.rf.69f882265f4dcc3c9c1022140c7066eb.jpg,YOLOv9c,0.7,3,2,2,0,1,1.0,0.6666666666666666,0.8
32_jpg.rf.69f882265f4dcc3c9c1022140c7066eb.jpg,YOLOv11,0.7,3,2,2,0,1,1.0,0.6666666666666666,0.8
32_jpg.rf.69f882265f4dcc3c9c1022140c7066eb.jpg,YOLOv12n,0.7,3,2,2,0,1,1.0,0.6666666666666666,0.8
32_jpg.rf.69f882265f4dcc3c9c1022140c7066eb.jpg,YOLOv8-FPN,0.7,3,1,1,0,2,1.0,0.3333333333333333,0.5
43_jpg.rf.5c442a9970538aa8239f9165d36d5f6d.jpg,YOLOv8n,0.25,1,1,1,0,0,1.0,1.0,1.0
43_jpg.rf.5c442a9970538aa8239f9165d36d5f6d.jpg,YOLOv9c,0.25,1,2,1,1,0,0.5,1.0,0.6666666666666666
43_jpg.rf.5c442a9970538aa8239f9165d36d5f6d.jpg,YOLOv11,0.25,1,1,0,1,1,0.0,0.0,0.0
43_jpg.rf.5c442a9970538aa8239f9165d36d5f6d.jpg,YOLOv12n,0.25,1,1,1,0,0,1.0,1.0,1.0
43_jpg.rf.5c442a9970538aa8239f9165d36d5f6d.jpg,YOLOv8-FPN,0.25,1,2,1,1,0,0.5,1.0,0.6666666666666666
43_jpg.rf.5c442a9970538aa8239f9165d36d5f6d.jpg,YOLOv8n,0.5,1,1,1,0,0,1.0,1.0,1.0
43_jpg.rf.5c442a9970538aa8239f9165d36d5f6d.jpg,YOLOv9c,0.5,1,2,1,1,0,0.5,1.0,0.6666666666666666
43_jpg.rf.5c442a9970538aa8239f9165d36d5f6d.jpg,YOLOv11,0.5,1,0,0,0,1,0.0,0.0,0.0
43_jpg.rf.5c442a9970538aa8239f9165d36d5f6d.jpg,YOLOv12n,0.5,1,1,1,0,0,1.0,1.0,1.0
43_jpg.rf.5c442a9970538aa8239f9165d36d5f6d.jpg,YOLOv8-FPN,0.5,1,0,0,0,1,0.0,0.0,0.0
43_jpg.rf.5c442a9970538aa8239f9165d36d5f6d.jpg,YOLOv8n,0.7,1,1,1,0,0,1.0,1.0,1.0
43_jpg.rf.5c442a9970538aa8239f9165d36d5f6d.jpg,YOLOv9c,0.7,1,1,1,0,0,1.0,1.0,1.0
43_jpg.rf.5c442a9970538aa8239f9165d36d5f6d.jpg,YOLOv11,0.7,1,0,0,0,1,0.0,0.0,0.0
43_jpg.rf.5c442a9970538aa8239f9165d36d5f6d.jpg,YOLOv12n,0.7,1,1,1,0,0,1.0,1.0,1.0
43_jpg.rf.5c442a9970538aa8239f9165d36d5f6d.jpg,YOLOv8-FPN,0.7,1,0,0,0,1,0.0,0.0,0.0
58_jpg.rf.7b79660c986158e87c919b34670da1d5.jpg,YOLOv8n,0.25,2,0,0,0,2,0.0,0.0,0.0
58_jpg.rf.7b79660c986158e87c919b34670da1d5.jpg,YOLOv9c,0.25,2,3,1,2,1,0.3333333333333333,0.5,0.4
58_jpg.rf.7b79660c986158e87c919b34670da1d5.jpg,YOLOv11,0.25,2,1,1,0,1,1.0,0.5,0.6666666666666666
58_jpg.rf.7b79660c986158e87c919b34670da1d5.jpg,YOLOv12n,0.25,2,0,0,0,2,0.0,0.0,0.0
58_jpg.rf.7b79660c986158e87c919b34670da1d5.jpg,YOLOv8-FPN,0.25,2,1,0,1,2,0.0,0.0,0.0
58_jpg.rf.7b79660c986158e87c919b34670da1d5.jpg,YOLOv8n,0.5,2,0,0,0,2,0.0,0.0,0.0
58_jpg.rf.7b79660c986158e87c919b34670da1d5.jpg,YOLOv9c,0.5,2,0,0,0,2,0.0,0.0,0.0
58_jpg.rf.7b79660c986158e87c919b34670da1d5.jpg,YOLOv11,0.5,2,0,0,0,2,0.0,0.0,0.0
58_jpg.rf.7b79660c986158e87c919b34670da1d5.jpg,YOLOv12n,0.5,2,0,0,0,2,0.0,0.0,0.0
58_jpg.rf.7b79660c986158e87c919b34670da1d5.jpg,YOLOv8-FPN,0.5,2,0,0,0,2,0.0,0.0,0.0
58_jpg.rf.7b79660c986158e87c919b34670da1d5.jpg,YOLOv8n,0.7,2,0,0,0,2,0.0,0.0,0.0
58_jpg.rf.7b79660c986158e87c919b34670da1d5.jpg,YOLOv9c,0.7,2,0,0,0,2,0.0,0.0,0.0
58_jpg.rf.7b79660c986158e87c919b34670da1d5.jpg,YOLOv11,0.7,2,0,0,0,2,0.0,0.0,0.0
58_jpg.rf.7b79660c986158e87c919b34670da1d5.jpg,YOLOv12n,0.7,2,0,0,0,2,0.0,0.0,0.0
58_jpg.rf.7b79660c986158e87c919b34670da1d5.jpg,YOLOv8-FPN,0.7,2,0,0,0,2,0.0,0.0,0.0
70_jpg.rf.b44a36f94e7f90cf6be894638b923157.jpg,YOLOv8n,0.25,1,1,1,0,0,1.0,1.0,1.0
70_jpg.rf.b44a36f94e7f90cf6be894638b923157.jpg,YOLOv9c,0.25,1,1,1,0,0,1.0,1.0,1.0
70_jpg.rf.b44a36f94e7f90cf6be894638b923157.jpg,YOLOv11,0.25,1,1,1,0,0,1.0,1.0,1.0
70_jpg.rf.b44a36f94e7f90cf6be894638b923157.jpg,YOLOv12n,0.25,1,1,1,0,0,1.0,1.0,1.0
70_jpg.rf.b44a36f94e7f90cf6be894638b923157.jpg,YOLOv8-FPN,0.25,1,1,1,0,0,1.0,1.0,1.0
70_jpg.rf.b44a36f94e7f90cf6be894638b923157.jpg,YOLOv8n,0.5,1,1,1,0,0,1.0,1.0,1.0
70_jpg.rf.b44a36f94e7f90cf6be894638b923157.jpg,YOLOv9c,0.5,1,1,1,0,0,1.0,1.0,1.0
70_jpg.rf.b44a36f94e7f90cf6be894638b923157.jpg,YOLOv11,0.5,1,1,1,0,0,1.0,1.0,1.0
70_jpg.rf.b44a36f94e7f90cf6be894638b923157.jpg,YOLOv12n,0.5,1,1,1,0,0,1.0,1.0,1.0
70_jpg.rf.b44a36f94e7f90cf6be894638b923157.jpg,YOLOv8-FPN,0.5,1,1,1,0,0,1.0,1.0,1.0
70_jpg.rf.b44a36f94e7f90cf6be894638b923157.jpg,YOLOv8n,0.7,1,1,1,0,0,1.0,1.0,1.0
70_jpg.rf.b44a36f94e7f90cf6be894638b923157.jpg,YOLOv9c,0.7,1,1,1,0,0,1.0,1.0,1.0
70_jpg.rf.b44a36f94e7f90cf6be894638b923157.jpg,YOLOv11,0.7,1,0,0,0,1,0.0,0.0,0.0
70_jpg.rf.b44a36f94e7f90cf6be894638b923157.jpg,YOLOv12n,0.7,1,0,0,0,1,0.0,0.0,0.0
70_jpg.rf.b44a36f94e7f90cf6be894638b923157.jpg,YOLOv8-FPN,0.7,1,0,0,0,1,0.0,0.0,0.0
82_jpg.rf.92e1277768eadacc1ea6397e850593c1.jpg,YOLOv8n,0.25,3,2,1,1,2,0.5,0.3333333333333333,0.4
82_jpg.rf.92e1277768eadacc1ea6397e850593c1.jpg,YOLOv9c,0.25,3,0,0,0,3,0.0,0.0,0.0
82_jpg.rf.92e1277768eadacc1ea6397e850593c1.jpg,YOLOv11,0.25,3,0,0,0,3,0.0,0.0,0.0
82_jpg.rf.92e1277768eadacc1ea6397e850593c1.jpg,YOLOv12n,0.25,3,1,1,0,2,1.0,0.3333333333333333,0.5
82_jpg.rf.92e1277768eadacc1ea6397e850593c1.jpg,YOLOv8-FPN,0.25,3,2,1,1,2,0.5,0.3333333333333333,0.4
82_jpg.rf.92e1277768eadacc1ea6397e850593c1.jpg,YOLOv8n,0.5,3,0,0,0,3,0.0,0.0,0.0
82_jpg.rf.92e1277768eadacc1ea6397e850593c1.jpg,YOLOv9c,0.5,3,0,0,0,3,0.0,0.0,0.0
82_jpg.rf.92e1277768eadacc1ea6397e850593c1.jpg,YOLOv11,0.5,3,0,0,0,3,0.0,0.0,0.0
82_jpg.rf.92e1277768eadacc1ea6397e850593c1.jpg,YOLOv12n,0.5,3,0,0,0,3,0.0,0.0,0.0
82_jpg.rf.92e1277768eadacc1ea6397e850593c1.jpg,YOLOv8-FPN,0.5,3,0,0,0,3,0.0,0.0,0.0
82_jpg.rf.92e1277768eadacc1ea6397e850593c1.jpg,YOLOv8n,0.7,3,0,0,0,3,0.0,0.0,0.0
82_jpg.rf.92e1277768eadacc1ea6397e850593c1.jpg,YOLOv9c,0.7,3,0,0,0,3,0.0,0.0,0.0
82_jpg.rf.92e1277768eadacc1ea6397e850593c1.jpg,YOLOv11,0.7,3,0,0,0,3,0.0,0.0,0.0
82_jpg.rf.92e1277768eadacc1ea6397e850593c1.jpg,YOLOv12n,0.7,3,0,0,0,3,0.0,0.0,0.0
82_jpg.rf.92e1277768eadacc1ea6397e850593c1.jpg,YOLOv8-FPN,0.7,3,0,0,0,3,0.0,0.0,0.0
DASH_CAM_2016_01_29_-42_Miles_of_Potholes-_mp4-226_jpg.rf.1339ab04021c22fa16ad6d190b889330.jpg,YOLOv8n,0.25,1,3,1,2,0,0.3333333333333333,1.0,0.5
DASH_CAM_2016_01_29_-42_Miles_of_Potholes-_mp4-226_jpg.rf.1339ab04021c22fa16ad6d190b889330.jpg,YOLOv9c,0.25,1,2,1,1,0,0.5,1.0,0.6666666666666666
DASH_CAM_2016_01_29_-42_Miles_of_Potholes-_mp4-226_jpg.rf.1339ab04021c22fa16ad6d190b889330.jpg,YOLOv11,0.25,1,1,0,1,1,0.0,0.0,0.0
DASH_CAM_2016_01_29_-42_Miles_of_Potholes-_mp4-226_jpg.rf.1339ab04021c22fa16ad6d190b889330.jpg,YOLOv12n,0.25,1,2,1,1,0,0.5,1.0,0.6666666666666666
DASH_CAM_2016_01_29_-42_Miles_of_Potholes-_mp4-226_jpg.rf.1339ab04021c22fa16ad6d190b889330.jpg,YOLOv8-FPN,0.25,1,1,0,1,1,0.0,0.0,0.0
DASH_CAM_2016_01_29_-42_Miles_of_Potholes-_mp4-226_jpg.rf.1339ab04021c22fa16ad6d190b889330.jpg,YOLOv8n,0.5,1,0,0,0,1,0.0,0.0,0.0
DASH_CAM_2016_01_29_-42_Miles_of_Potholes-_mp4-226_jpg.rf.1339ab04021c22fa16ad6d190b889330.jpg,YOLOv9c,0.5,1,0,0,0,1,0.0,0.0,0.0
DASH_CAM_2016_01_29_-42_Miles_of_Potholes-_mp4-226_jpg.rf.1339ab04021c22fa16ad6d190b889330.jpg,YOLOv11,0.5,1,0,0,0,1,0.0,0.0,0.0
DASH_CAM_2016_01_29_-42_Miles_of_Potholes-_mp4-226_jpg.rf.1339ab04021c22fa16ad6d190b889330.jpg,YOLOv12n,0.5,1,0,0,0,1,0.0,0.0,0.0
DASH_CAM_2016_01_29_-42_Miles_of_Potholes-_mp4-226_jpg.rf.1339ab04021c22fa16ad6d190b889330.jpg,YOLOv8-FPN,0.5,1,0,0,0,1,0.0,0.0,0.0
DASH_CAM_2016_01_29_-42_Miles_of_Potholes-_mp4-226_jpg.rf.1339ab04021c22fa16ad6d190b889330.jpg,YOLOv8n,0.7,1,0,0,0,1,0.0,0.0,0.0
DASH_CAM_2016_01_29_-42_Miles_of_Potholes-_mp4-226_jpg.rf.1339ab04021c22fa16ad6d190b889330.jpg,YOLOv9c,0.7,1,0,0,0,1,0.0,0.0,0.0
DASH_CAM_2016_01_29_-42_Miles_of_Potholes-_mp4-226_jpg.rf.1339ab04021c22fa16ad6d190b889330.jpg,YOLOv11,0.7,1,0,0,0,1,0.0,0.0,0.0
DASH_CAM_2016_01_29_-42_Miles_of_Potholes-_mp4-226_jpg.rf.1339ab04021c22fa16ad6d190b889330.jpg,YOLOv12n,0.7,1,0,0,0,1,0.0,0.0,0.0
DASH_CAM_2016_01_29_-42_Miles_of_Potholes-_mp4-226_jpg.rf.1339ab04021c22fa16ad6d190b889330.jpg,YOLOv8-FPN,0.7,1,0,0,0,1,0.0,0.0,0.0
G0028303_jpg.rf.8ac6e5d15c83e6782f8618229260d68c.jpg,YOLOv8n,0.25,1,1,1,0,0,1.0,1.0,1.0
G0028303_jpg.rf.8ac6e5d15c83e6782f8618229260d68c.jpg,YOLOv9c,0.25,1,1,1,0,0,1.0,1.0,1.0
G0028303_jpg.rf.8ac6e5d15c83e6782f8618229260d68c.jpg,YOLOv11,0.25,1,1,1,0,0,1.0,1.0,1.0
G0028303_jpg.rf.8ac6e5d15c83e6782f8618229260d68c.jpg,YOLOv12n,0.25,1,1,1,0,0,1.0,1.0,1.0
G0028303_jpg.rf.8ac6e5d15c83e6782f8618229260d68c.jpg,YOLOv8-FPN,0.25,1,2,1,1,0,0.5,1.0,0.6666666666666666
G0028303_jpg.rf.8ac6e5d15c83e6782f8618229260d68c.jpg,YOLOv8n,0.5,1,1,1,0,0,1.0,1.0,1.0
G0028303_jpg.rf.8ac6e5d15c83e6782f8618229260d68c.jpg,YOLOv9c,0.5,1,1,1,0,0,1.0,1.0,1.0
G0028303_jpg.rf.8ac6e5d15c83e6782f8618229260d68c.jpg,YOLOv11,0.5,1,1,1,0,0,1.0,1.0,1.0
G0028303_jpg.rf.8ac6e5d15c83e6782f8618229260d68c.jpg,YOLOv12n,0.5,1,1,1,0,0,1.0,1.0,1.0
G0028303_jpg.rf.8ac6e5d15c83e6782f8618229260d68c.jpg,YOLOv8-FPN,0.5,1,0,0,0,1,0.0,0.0,0.0
G0028303_jpg.rf.8ac6e5d15c83e6782f8618229260d68c.jpg,YOLOv8n,0.7,1,0,0,0,1,0.0,0.0,0.0
G0028303_jpg.rf.8ac6e5d15c83e6782f8618229260d68c.jpg,YOLOv9c,0.7,1,0,0,0,1,0.0,0.0,0.0
G0028303_jpg.rf.8ac6e5d15c83e6782f8618229260d68c.jpg,YOLOv11,0.7,1,0,0,0,1,0.0,0.0,0.0
G0028303_jpg.rf.8ac6e5d15c83e6782f8618229260d68c.jpg,YOLOv12n,0.7,1,0,0,0,1,0.0,0.0,0.0
G0028303_jpg.rf.8ac6e5d15c83e6782f8618229260d68c.jpg,YOLOv8-FPN,0.7,1,0,0,0,1,0.0,0.0,0.0
GRMN4186-453_jpeg.rf.99aaf6a839215d9dccab53af2b6f72d9.jpg,YOLOv8n,0.25,2,4,2,2,0,0.5,1.0,0.6666666666666666
GRMN4186-453_jpeg.rf.99aaf6a839215d9dccab53af2b6f72d9.jpg,YOLOv9c,0.25,2,1,1,0,1,1.0,0.5,0.6666666666666666
GRMN4186-453_jpeg.rf.99aaf6a839215d9dccab53af2b6f72d9.jpg,YOLOv11,0.25,2,2,2,0,0,1.0,1.0,1.0
GRMN4186-453_jpeg.rf.99aaf6a839215d9dccab53af2b6f72d9.jpg,YOLOv12n,0.25,2,2,1,1,1,0.5,0.5,0.5
GRMN4186-453_jpeg.rf.99aaf6a839215d9dccab53af2b6f72d9.jpg,YOLOv8-FPN,0.25,2,3,1,2,1,0.3333333333333333,0.5,0.4
GRMN4186-453_jpeg.rf.99aaf6a839215d9dccab53af2b6f72d9.jpg,YOLOv8n,0.5,2,2,2,0,0,1.0,1.0,1.0
GRMN4186-453_jpeg.rf.99aaf6a839215d9dccab53af2b6f72d9.jpg,YOLOv9c,0.5,2,1,1,0,1,1.0,0.5,0.6666666666666666
GRMN4186-453_jpeg.rf.99aaf6a839215d9dccab53af2b6f72d9.jpg,YOLOv11,0.5,2,1,1,0,1,1.0,0.5,0.6666666666666666
GRMN4186-453_jpeg.rf.99aaf6a839215d9dccab53af2b6f72d9.jpg,YOLOv12n,0.5,2,1,1,0,1,1.0,0.5,0.6666666666666666
GRMN4186-453_jpeg.rf.99aaf6a839215d9dccab53af2b6f72d9.jpg,YOLOv8-FPN,0.5,2,0,0,0,2,0.0,0.0,0.0
GRMN4186-453_jpeg.rf.99aaf6a839215d9dccab53af2b6f72d9.jpg,YOLOv8n,0.7,2,0,0,0,2,0.0,0.0,0.0
GRMN4186-453_jpeg.rf.99aaf6a839215d9dccab53af2b6f72d9.jpg,YOLOv9c,0.7,2,1,1,0,1,1.0,0.5,0.6666666666666666
GRMN4186-453_jpeg.rf.99aaf6a839215d9dccab53af2b6f72d9.jpg,YOLOv11,0.7,2,0,0,0,2,0.0,0.0,0.0
GRMN4186-453_jpeg.rf.99aaf6a839215d9dccab53af2b6f72d9.jpg,YOLOv12n,0.7,2,0,0,0,2,0.0,0.0,0.0
GRMN4186-453_jpeg.rf.99aaf6a839215d9dccab53af2b6f72d9.jpg,YOLOv8-FPN,0.7,2,0,0,0,2,0.0,0.0,0.0
GRMN5160-456_jpeg.rf.9d804facf9d5765a701bb0b756a1fe3d.jpg,YOLOv8n,0.25,1,2,1,1,0,0.5,1.0,0.6666666666666666
GRMN5160-456_jpeg.rf.9d804facf9d5765a701bb0b756a1fe3d.jpg,YOLOv9c,0.25,1,2,1,1,0,0.5,1.0,0.6666666666666666
GRMN5160-456_jpeg.rf.9d804facf9d5765a701bb0b756a1fe3d.jpg,YOLOv11,0.25,1,1,1,0,0,1.0,1.0,1.0
GRMN5160-456_jpeg.rf.9d804facf9d5765a701bb0b756a1fe3d.jpg,YOLOv12n,0.25,1,1,1,0,0,1.0,1.0,1.0
GRMN5160-456_jpeg.rf.9d804facf9d5765a701bb0b756a1fe3d.jpg,YOLOv8-FPN,0.25,1,1,0,1,1,0.0,0.0,0.0
GRMN5160-456_jpeg.rf.9d804facf9d5765a701bb0b756a1fe3d.jpg,YOLOv8n,0.5,1,1,1,0,0,1.0,1.0,1.0
GRMN5160-456_jpeg.rf.9d804facf9d5765a701bb0b756a1fe3d.jpg,YOLOv9c,0.5,1,1,1,0,0,1.0,1.0,1.0
GRMN5160-456_jpeg.rf.9d804facf9d5765a701bb0b756a1fe3d.jpg,YOLOv11,0.5,1,1,1,0,0,1.0,1.0,1.0
GRMN5160-456_jpeg.rf.9d804facf9d5765a701bb0b756a1fe3d.jpg,YOLOv12n,0.5,1,1,1,0,0,1.0,1.0,1.0
GRMN5160-456_jpeg.rf.9d804facf9d5765a701bb0b756a1fe3d.jpg,YOLOv8-FPN,0.5,1,0,0,0,1,0.0,0.0,0.0
GRMN5160-456_jpeg.rf.9d804facf9d5765a701bb0b756a1fe3d.jpg,YOLOv8n,0.7,1,0,0,0,1,0.0,0.0,0.0
GRMN5160-456_jpeg.rf.9d804facf9d5765a701bb0b756a1fe3d.jpg,YOLOv9c,0.7,1,0,0,0,1,0.0,0.0,0.0
GRMN5160-456_jpeg.rf.9d804facf9d5765a701bb0b756a1fe3d.jpg,YOLOv11,0.7,1,1,1,0,0,1.0,1.0,1.0
GRMN5160-456_jpeg.rf.9d804facf9d5765a701bb0b756a1fe3d.jpg,YOLOv12n,0.7,1,0,0,0,1,0.0,0.0,0.0
GRMN5160-456_jpeg.rf.9d804facf9d5765a701bb0b756a1fe3d.jpg,YOLOv8-FPN,0.7,1,0,0,0,1,0.0,0.0,0.0
GRMN5944-421_jpeg.rf.e6cd2996dc845fb393fd7a029a611764.jpg,YOLOv8n,0.25,1,1,1,0,0,1.0,1.0,1.0
GRMN5944-421_jpeg.rf.e6cd2996dc845fb393fd7a029a611764.jpg,YOLOv9c,0.25,1,1,1,0,0,1.0,1.0,1.0
GRMN5944-421_jpeg.rf.e6cd2996dc845fb393fd7a029a611764.jpg,YOLOv11,0.25,1,1,1,0,0,1.0,1.0,1.0
GRMN5944-421_jpeg.rf.e6cd2996dc845fb393fd7a029a611764.jpg,YOLOv12n,0.25,1,1,1,0,0,1.0,1.0,1.0
GRMN5944-421_jpeg.rf.e6cd2996dc845fb393fd7a029a611764.jpg,YOLOv8-FPN,0.25,1,3,1,2,0,0.3333333333333333,1.0,0.5
GRMN5944-421_jpeg.rf.e6cd2996dc845fb393fd7a029a611764.jpg,YOLOv8n,0.5,1,1,1,0,0,1.0,1.0,1.0
GRMN5944-421_jpeg.rf.e6cd2996dc845fb393fd7a029a611764.jpg,YOLOv9c,0.5,1,1,1,0,0,1.0,1.0,1.0
GRMN5944-421_jpeg.rf.e6cd2996dc845fb393fd7a029a611764.jpg,YOLOv11,0.5,1,1,1,0,0,1.0,1.0,1.0
GRMN5944-421_jpeg.rf.e6cd2996dc845fb393fd7a029a611764.jpg,YOLOv12n,0.5,1,1,1,0,0,1.0,1.0,1.0
GRMN5944-421_jpeg.rf.e6cd2996dc845fb393fd7a029a611764.jpg,YOLOv8-FPN,0.5,1,0,0,0,1,0.0,0.0,0.0
GRMN5944-421_jpeg.rf.e6cd2996dc845fb393fd7a029a611764.jpg,YOLOv8n,0.7,1,0,0,0,1,0.0,0.0,0.0
GRMN5944-421_jpeg.rf.e6cd2996dc845fb393fd7a029a611764.jpg,YOLOv9c,0.7,1,1,1,0,0,1.0,1.0,1.0
GRMN5944-421_jpeg.rf.e6cd2996dc845fb393fd7a029a611764.jpg,YOLOv11,0.7,1,0,0,0,1,0.0,0.0,0.0
GRMN5944-421_jpeg.rf.e6cd2996dc845fb393fd7a029a611764.jpg,YOLOv12n,0.7,1,0,0,0,1,0.0,0.0,0.0
GRMN5944-421_jpeg.rf.e6cd2996dc845fb393fd7a029a611764.jpg,YOLOv8-FPN,0.7,1,0,0,0,1,0.0,0.0,0.0
V0F_HY_2815_20201214_110032_N_CH2_Busan_Sun_Mainroad_Day_37322_png.rf.8d3ea930ed82ded919411fb01162d184.jpg,YOLOv8n,0.25,1,1,1,0,0,1.0,1.0,1.0
V0F_HY_2815_20201214_110032_N_CH2_Busan_Sun_Mainroad_Day_37322_png.rf.8d3ea930ed82ded919411fb01162d184.jpg,YOLOv9c,0.25,1,1,1,0,0,1.0,1.0,1.0
V0F_HY_2815_20201214_110032_N_CH2_Busan_Sun_Mainroad_Day_37322_png.rf.8d3ea930ed82ded919411fb01162d184.jpg,YOLOv11,0.25,1,1,1,0,0,1.0,1.0,1.0
V0F_HY_2815_20201214_110032_N_CH2_Busan_Sun_Mainroad_Day_37322_png.rf.8d3ea930ed82ded919411fb01162d184.jpg,YOLOv12n,0.25,1,1,1,0,0,1.0,1.0,1.0
V0F_HY_2815_20201214_110032_N_CH2_Busan_Sun_Mainroad_Day_37322_png.rf.8d3ea930ed82ded919411fb01162d184.jpg,YOLOv8-FPN,0.25,1,1,1,0,0,1.0,1.0,1.0
V0F_HY_2815_20201214_110032_N_CH2_Busan_Sun_Mainroad_Day_37322_png.rf.8d3ea930ed82ded919411fb01162d184.jpg,YOLOv8n,0.5,1,1,1,0,0,1.0,1.0,1.0
V0F_HY_2815_20201214_110032_N_CH2_Busan_Sun_Mainroad_Day_37322_png.rf.8d3ea930ed82ded919411fb01162d184.jpg,YOLOv9c,0.5,1,1,1,0,0,1.0,1.0,1.0
V0F_HY_2815_20201214_110032_N_CH2_Busan_Sun_Mainroad_Day_37322_png.rf.8d3ea930ed82ded919411fb01162d184.jpg,YOLOv11,0.5,1,1,1,0,0,1.0,1.0,1.0
V0F_HY_2815_20201214_110032_N_CH2_Busan_Sun_Mainroad_Day_37322_png.rf.8d3ea930ed82ded919411fb01162d184.jpg,YOLOv12n,0.5,1,1,1,0,0,1.0,1.0,1.0
V0F_HY_2815_20201214_110032_N_CH2_Busan_Sun_Mainroad_Day_37322_png.rf.8d3ea930ed82ded919411fb01162d184.jpg,YOLOv8-FPN,0.5,1,1,1,0,0,1.0,1.0,1.0
V0F_HY_2815_20201214_110032_N_CH2_Busan_Sun_Mainroad_Day_37322_png.rf.8d3ea930ed82ded919411fb01162d184.jpg,YOLOv8n,0.7,1,1,1,0,0,1.0,1.0,1.0
V0F_HY_2815_20201214_110032_N_CH2_Busan_Sun_Mainroad_Day_37322_png.rf.8d3ea930ed82ded919411fb01162d184.jpg,YOLOv9c,0.7,1,1,1,0,0,1.0,1.0,1.0
V0F_HY_2815_20201214_110032_N_CH2_Busan_Sun_Mainroad_Day_37322_png.rf.8d3ea930ed82ded919411fb01162d184.jpg,YOLOv11,0.7,1,1,1,0,0,1.0,1.0,1.0
V0F_HY_2815_20201214_110032_N_CH2_Busan_Sun_Mainroad_Day_37322_png.rf.8d3ea930ed82ded919411fb01162d184.jpg,YOLOv12n,0.7,1,1,1,0,0,1.0,1.0,1.0
V0F_HY_2815_20201214_110032_N_CH2_Busan_Sun_Mainroad_Day_37322_png.rf.8d3ea930ed82ded919411fb01162d184.jpg,YOLOv8-FPN,0.7,1,1,1,0,0,1.0,1.0,1.0
data413_jpg.rf.485ee1092b1ecf553f6d814f2c6d302d.jpg,YOLOv8n,0.25,1,1,1,0,0,1.0,1.0,1.0
data413_jpg.rf.485ee1092b1ecf553f6d814f2c6d302d.jpg,YOLOv9c,0.25,1,1,1,0,0,1.0,1.0,1.0
data413_jpg.rf.485ee1092b1ecf553f6d814f2c6d302d.jpg,YOLOv11,0.25,1,1,1,0,0,1.0,1.0,1.0
data413_jpg.rf.485ee1092b1ecf553f6d814f2c6d302d.jpg,YOLOv12n,0.25,1,1,1,0,0,1.0,1.0,1.0
data413_jpg.rf.485ee1092b1ecf553f6d814f2c6d302d.jpg,YOLOv8-FPN,0.25,1,1,1,0,0,1.0,1.0,1.0
data413_jpg.rf.485ee1092b1ecf553f6d814f2c6d302d.jpg,YOLOv8n,0.5,1,1,1,0,0,1.0,1.0,1.0
data413_jpg.rf.485ee1092b1ecf553f6d814f2c6d302d.jpg,YOLOv9c,0.5,1,1,1,0,0,1.0,1.0,1.0
data413_jpg.rf.485ee1092b1ecf553f6d814f2c6d302d.jpg,YOLOv11,0.5,1,1,1,0,0,1.0,1.0,1.0
data413_jpg.rf.485ee1092b1ecf553f6d814f2c6d302d.jpg,YOLOv12n,0.5,1,1,1,0,0,1.0,1.0,1.0
data413_jpg.rf.485ee1092b1ecf553f6d814f2c6d302d.jpg,YOLOv8-FPN,0.5,1,1,1,0,0,1.0,1.0,1.0
data413_jpg.rf.485ee1092b1ecf553f6d814f2c6d302d.jpg,YOLOv8n,0.7,1,1,1,0,0,1.0,1.0,1.0
data413_jpg.rf.485ee1092b1ecf553f6d814f2c6d302d.jpg,YOLOv9c,0.7,1,1,1,0,0,1.0,1.0,1.0
data413_jpg.rf.485ee1092b1ecf553f6d814f2c6d302d.jpg,YOLOv11,0.7,1,1,1,0,0,1.0,1.0,1.0
data413_jpg.rf.485ee1092b1ecf553f6d814f2c6d302d.jpg,YOLOv12n,0.7,1,1,1,0,0,1.0,1.0,1.0
data413_jpg.rf.485ee1092b1ecf553f6d814f2c6d302d.jpg,YOLOv8-FPN,0.7,1,1,1,0,0,1.0,1.0,1.0
img-114_jpg.rf.4bb04bf0d2348018b05596119f075375.jpg,YOLOv8n,0.25,3,2,2,0,1,1.0,0.6666666666666666,0.8
img-114_jpg.rf.4bb04bf0d2348018b05596119f075375.jpg,YOLOv9c,0.25,3,2,2,0,1,1.0,0.6666666666666666,0.8
img-114_jpg.rf.4bb04bf0d2348018b05596119f075375.jpg,YOLOv11,0.25,3,2,2,0,1,1.0,0.6666666666666666,0.8
img-114_jpg.rf.4bb04bf0d2348018b05596119f075375.jpg,YOLOv12n,0.25,3,1,1,0,2,1.0,0.3333333333333333,0.5
img-114_jpg.rf.4bb04bf0d2348018b05596119f075375.jpg,YOLOv8-FPN,0.25,3,2,2,0,1,1.0,0.6666666666666666,0.8
img-114_jpg.rf.4bb04bf0d2348018b05596119f075375.jpg,YOLOv8n,0.5,3,2,2,0,1,1.0,0.6666666666666666,0.8
img-114_jpg.rf.4bb04bf0d2348018b05596119f075375.jpg,YOLOv9c,0.5,3,1,1,0,2,1.0,0.3333333333333333,0.5
img-114_jpg.rf.4bb04bf0d2348018b05596119f075375.jpg,YOLOv11,0.5,3,1,1,0,2,1.0,0.3333333333333333,0.5
img-114_jpg.rf.4bb04bf0d2348018b05596119f075375.jpg,YOLOv12n,0.5,3,1,1,0,2,1.0,0.3333333333333333,0.5
img-114_jpg.rf.4bb04bf0d2348018b05596119f075375.jpg,YOLOv8-FPN,0.5,3,1,1,0,2,1.0,0.3333333333333333,0.5
img-114_jpg.rf.4bb04bf0d2348018b05596119f075375.jpg,YOLOv8n,0.7,3,1,1,0,2,1.0,0.3333333333333333,0.5
img-114_jpg.rf.4bb04bf0d2348018b05596119f075375.jpg,YOLOv9c,0.7,3,1,1,0,2,1.0,0.3333333333333333,0.5
img-114_jpg.rf.4bb04bf0d2348018b05596119f075375.jpg,YOLOv11,0.7,3,0,0,0,3,0.0,0.0,0.0
img-114_jpg.rf.4bb04bf0d2348018b05596119f075375.jpg,YOLOv12n,0.7,3,0,0,0,3,0.0,0.0,0.0
img-114_jpg.rf.4bb04bf0d2348018b05596119f075375.jpg,YOLOv8-FPN,0.7,3,1,1,0,2,1.0,0.3333333333333333,0.5
img-179_jpg.rf.5861bc35f91da5a60d6ffefc00851617.jpg,YOLOv8n,0.25,4,5,4,1,0,0.8,1.0,0.888888888888889
img-179_jpg.rf.5861bc35f91da5a60d6ffefc00851617.jpg,YOLOv9c,0.25,4,4,3,1,1,0.75,0.75,0.75
img-179_jpg.rf.5861bc35f91da5a60d6ffefc00851617.jpg,YOLOv11,0.25,4,5,4,1,0,0.8,1.0,0.888888888888889
img-179_jpg.rf.5861bc35f91da5a60d6ffefc00851617.jpg,YOLOv12n,0.25,4,4,3,1,1,0.75,0.75,0.75
img-179_jpg.rf.5861bc35f91da5a60d6ffefc00851617.jpg,YOLOv8-FPN,0.25,4,6,3,3,1,0.5,0.75,0.6
img-179_jpg.rf.5861bc35f91da5a60d6ffefc00851617.jpg,YOLOv8n,0.5,4,4,3,1,1,0.75,0.75,0.75
img-179_jpg.rf.5861bc35f91da5a60d6ffefc00851617.jpg,YOLOv9c,0.5,4,3,3,0,1,1.0,0.75,0.8571428571428571
img-179_jpg.rf.5861bc35f91da5a60d6ffefc00851617.jpg,YOLOv11,0.5,4,4,3,1,1,0.75,0.75,0.75
img-179_jpg.rf.5861bc35f91da5a60d6ffefc00851617.jpg,YOLOv12n,0.5,4,4,3,1,1,0.75,0.75,0.75
img-179_jpg.rf.5861bc35f91da5a60d6ffefc00851617.jpg,YOLOv8-FPN,0.5,4,3,2,1,2,0.6666666666666666,0.5,0.5714285714285715
img-179_jpg.rf.5861bc35f91da5a60d6ffefc00851617.jpg,YOLOv8n,0.7,4,2,2,0,2,1.0,0.5,0.6666666666666666
img-179_jpg.rf.5861bc35f91da5a60d6ffefc00851617.jpg,YOLOv9c,0.7,4,3,3,0,1,1.0,0.75,0.8571428571428571
img-179_jpg.rf.5861bc35f91da5a60d6ffefc00851617.jpg,YOLOv11,0.7,4,2,2,0,2,1.0,0.5,0.6666666666666666
img-179_jpg.rf.5861bc35f91da5a60d6ffefc00851617.jpg,YOLOv12n,0.7,4,1,1,0,3,1.0,0.25,0.4
img-179_jpg.rf.5861bc35f91da5a60d6ffefc00851617.jpg,YOLOv8-FPN,0.7,4,1,1,0,3,1.0,0.25,0.4
img-289_jpg.rf.1aa5b2c075b7c261f29cefbc8949cd71.jpg,YOLOv8n,0.25,1,1,1,0,0,1.0,1.0,1.0
img-289_jpg.rf.1aa5b2c075b7c261f29cefbc8949cd71.jpg,YOLOv9c,0.25,1,1,1,0,0,1.0,1.0,1.0
img-289_jpg.rf.1aa5b2c075b7c261f29cefbc8949cd71.jpg,YOLOv11,0.25,1,1,1,0,0,1.0,1.0,1.0
img-289_jpg.rf.1aa5b2c075b7c261f29cefbc8949cd71.jpg,YOLOv12n,0.25,1,1,1,0,0,1.0,1.0,1.0
img-289_jpg.rf.1aa5b2c075b7c261f29cefbc8949cd71.jpg,YOLOv8-FPN,0.25,1,1,1,0,0,1.0,1.0,1.0
img-289_jpg.rf.1aa5b2c075b7c261f29cefbc8949cd71.jpg,YOLOv8n,0.5,1,1,1,0,0,1.0,1.0,1.0
img-289_jpg.rf.1aa5b2c075b7c261f29cefbc8949cd71.jpg,YOLOv9c,0.5,1,1,1,0,0,1.0,1.0,1.0
img-289_jpg.rf.1aa5b2c075b7c261f29cefbc8949cd71.jpg,YOLOv11,0.5,1,1,1,0,0,1.0,1.0,1.0
img-289_jpg.rf.1aa5b2c075b7c261f29cefbc8949cd71.jpg,YOLOv12n,0.5,1,1,1,0,0,1.0,1.0,1.0
img-289_jpg.rf.1aa5b2c075b7c261f29cefbc8949cd71.jpg,YOLOv8-FPN,0.5,1,1,1,0,0,1.0,1.0,1.0
img-289_jpg.rf.1aa5b2c075b7c261f29cefbc8949cd71.jpg,YOLOv8n,0.7,1,1,1,0,0,1.0,1.0,1.0
img-289_jpg.rf.1aa5b2c075b7c261f29cefbc8949cd71.jpg,YOLOv9c,0.7,1,1,1,0,0,1.0,1.0,1.0
img-289_jpg.rf.1aa5b2c075b7c261f29cefbc8949cd71.jpg,YOLOv11,0.7,1,0,0,0,1,0.0,0.0,0.0
img-289_jpg.rf.1aa5b2c075b7c261f29cefbc8949cd71.jpg,YOLOv12n,0.7,1,1,1,0,0,1.0,1.0,1.0
img-289_jpg.rf.1aa5b2c075b7c261f29cefbc8949cd71.jpg,YOLOv8-FPN,0.7,1,1,1,0,0,1.0,1.0,1.0
img-39_jpg.rf.6d7a732b780c82abad6755c33eda27f9.jpg,YOLOv8n,0.25,1,2,1,1,0,0.5,1.0,0.6666666666666666
img-39_jpg.rf.6d7a732b780c82abad6755c33eda27f9.jpg,YOLOv9c,0.25,1,1,1,0,0,1.0,1.0,1.0
img-39_jpg.rf.6d7a732b780c82abad6755c33eda27f9.jpg,YOLOv11,0.25,1,1,1,0,0,1.0,1.0,1.0
img-39_jpg.rf.6d7a732b780c82abad6755c33eda27f9.jpg,YOLOv12n,0.25,1,1,1,0,0,1.0,1.0,1.0
img-39_jpg.rf.6d7a732b780c82abad6755c33eda27f9.jpg,YOLOv8-FPN,0.25,1,1,1,0,0,1.0,1.0,1.0
img-39_jpg.rf.6d7a732b780c82abad6755c33eda27f9.jpg,YOLOv8n,0.5,1,1,1,0,0,1.0,1.0,1.0
img-39_jpg.rf.6d7a732b780c82abad6755c33eda27f9.jpg,YOLOv9c,0.5,1,1,1,0,0,1.0,1.0,1.0
img-39_jpg.rf.6d7a732b780c82abad6755c33eda27f9.jpg,YOLOv11,0.5,1,1,1,0,0,1.0,1.0,1.0
img-39_jpg.rf.6d7a732b780c82abad6755c33eda27f9.jpg,YOLOv12n,0.5,1,1,1,0,0,1.0,1.0,1.0
img-39_jpg.rf.6d7a732b780c82abad6755c33eda27f9.jpg,YOLOv8-FPN,0.5,1,1,1,0,0,1.0,1.0,1.0
img-39_jpg.rf.6d7a732b780c82abad6755c33eda27f9.jpg,YOLOv8n,0.7,1,1,1,0,0,1.0,1.0,1.0
img-39_jpg.rf.6d7a732b780c82abad6755c33eda27f9.jpg,YOLOv9c,0.7,1,1,1,0,0,1.0,1.0,1.0
img-39_jpg.rf.6d7a732b780c82abad6755c33eda27f9.jpg,YOLOv11,0.7,1,1,1,0,0,1.0,1.0,1.0
img-39_jpg.rf.6d7a732b780c82abad6755c33eda27f9.jpg,YOLOv12n,0.7,1,1,1,0,0,1.0,1.0,1.0
img-39_jpg.rf.6d7a732b780c82abad6755c33eda27f9.jpg,YOLOv8-FPN,0.7,1,1,1,0,0,1.0,1.0,1.0
img-506_jpg.rf.94865eb5dfb65de7722e8f6678964bf6.jpg,YOLOv8n,0.25,1,1,1,0,0,1.0,1.0,1.0
img-506_jpg.rf.94865eb5dfb65de7722e8f6678964bf6.jpg,YOLOv9c,0.25,1,1,1,0,0,1.0,1.0,1.0
img-506_jpg.rf.94865eb5dfb65de7722e8f6678964bf6.jpg,YOLOv11,0.25,1,1,1,0,0,1.0,1.0,1.0
img-506_jpg.rf.94865eb5dfb65de7722e8f6678964bf6.jpg,YOLOv12n,0.25,1,1,1,0,0,1.0,1.0,1.0
img-506_jpg.rf.94865eb5dfb65de7722e8f6678964bf6.jpg,YOLOv8-FPN,0.25,1,1,1,0,0,1.0,1.0,1.0
img-506_jpg.rf.94865eb5dfb65de7722e8f6678964bf6.jpg,YOLOv8n,0.5,1,1,1,0,0,1.0,1.0,1.0
img-506_jpg.rf.94865eb5dfb65de7722e8f6678964bf6.jpg,YOLOv9c,0.5,1,1,1,0,0,1.0,1.0,1.0
img-506_jpg.rf.94865eb5dfb65de7722e8f6678964bf6.jpg,YOLOv11,0.5,1,1,1,0,0,1.0,1.0,1.0
img-506_jpg.rf.94865eb5dfb65de7722e8f6678964bf6.jpg,YOLOv12n,0.5,1,1,1,0,0,1.0,1.0,1.0
img-506_jpg.rf.94865eb5dfb65de7722e8f6678964bf6.jpg,YOLOv8-FPN,0.5,1,1,1,0,0,1.0,1.0,1.0
img-506_jpg.rf.94865eb5dfb65de7722e8f6678964bf6.jpg,YOLOv8n,0.7,1,1,1,0,0,1.0,1.0,1.0
img-506_jpg.rf.94865eb5dfb65de7722e8f6678964bf6.jpg,YOLOv9c,0.7,1,1,1,0,0,1.0,1.0,1.0
img-506_jpg.rf.94865eb5dfb65de7722e8f6678964bf6.jpg,YOLOv11,0.7,1,1,1,0,0,1.0,1.0,1.0
img-506_jpg.rf.94865eb5dfb65de7722e8f6678964bf6.jpg,YOLOv12n,0.7,1,1,1,0,0,1.0,1.0,1.0
img-506_jpg.rf.94865eb5dfb65de7722e8f6678964bf6.jpg,YOLOv8-FPN,0.7,1,1,1,0,0,1.0,1.0,1.0
img-558_jpg.rf.8a77dfdb6746c5fa3ce70c7dfeea82cf.jpg,YOLOv8n,0.25,3,1,1,0,2,1.0,0.3333333333333333,0.5
img-558_jpg.rf.8a77dfdb6746c5fa3ce70c7dfeea82cf.jpg,YOLOv9c,0.25,3,1,1,0,2,1.0,0.3333333333333333,0.5
img-558_jpg.rf.8a77dfdb6746c5fa3ce70c7dfeea82cf.jpg,YOLOv11,0.25,3,1,1,0,2,1.0,0.3333333333333333,0.5
img-558_jpg.rf.8a77dfdb6746c5fa3ce70c7dfeea82cf.jpg,YOLOv12n,0.25,3,1,1,0,2,1.0,0.3333333333333333,0.5
img-558_jpg.rf.8a77dfdb6746c5fa3ce70c7dfeea82cf.jpg,YOLOv8-FPN,0.25,3,1,1,0,2,1.0,0.3333333333333333,0.5
img-558_jpg.rf.8a77dfdb6746c5fa3ce70c7dfeea82cf.jpg,YOLOv8n,0.5,3,1,1,0,2,1.0,0.3333333333333333,0.5
img-558_jpg.rf.8a77dfdb6746c5fa3ce70c7dfeea82cf.jpg,YOLOv9c,0.5,3,1,1,0,2,1.0,0.3333333333333333,0.5
img-558_jpg.rf.8a77dfdb6746c5fa3ce70c7dfeea82cf.jpg,YOLOv11,0.5,3,1,1,0,2,1.0,0.3333333333333333,0.5
img-558_jpg.rf.8a77dfdb6746c5fa3ce70c7dfeea82cf.jpg,YOLOv12n,0.5,3,1,1,0,2,1.0,0.3333333333333333,0.5
img-558_jpg.rf.8a77dfdb6746c5fa3ce70c7dfeea82cf.jpg,YOLOv8-FPN,0.5,3,1,1,0,2,1.0,0.3333333333333333,0.5
img-558_jpg.rf.8a77dfdb6746c5fa3ce70c7dfeea82cf.jpg,YOLOv8n,0.7,3,1,1,0,2,1.0,0.3333333333333333,0.5
img-558_jpg.rf.8a77dfdb6746c5fa3ce70c7dfeea82cf.jpg,YOLOv9c,0.7,3,1,1,0,2,1.0,0.3333333333333333,0.5
img-558_jpg.rf.8a77dfdb6746c5fa3ce70c7dfeea82cf.jpg,YOLOv11,0.7,3,1,1,0,2,1.0,0.3333333333333333,0.5
img-558_jpg.rf.8a77dfdb6746c5fa3ce70c7dfeea82cf.jpg,YOLOv12n,0.7,3,1,1,0,2,1.0,0.3333333333333333,0.5
img-558_jpg.rf.8a77dfdb6746c5fa3ce70c7dfeea82cf.jpg,YOLOv8-FPN,0.7,3,1,1,0,2,1.0,0.3333333333333333,0.5
img-637_jpg.rf.da938f6be40bedcab74f84fcf8fd9d03.jpg,YOLOv8n,0.25,2,3,2,1,0,0.6666666666666666,1.0,0.8
img-637_jpg.rf.da938f6be40bedcab74f84fcf8fd9d03.jpg,YOLOv9c,0.25,2,4,2,2,0,0.5,1.0,0.6666666666666666
img-637_jpg.rf.da938f6be40bedcab74f84fcf8fd9d03.jpg,YOLOv11,0.25,2,3,2,1,0,0.6666666666666666,1.0,0.8
img-637_jpg.rf.da938f6be40bedcab74f84fcf8fd9d03.jpg,YOLOv12n,0.25,2,3,2,1,0,0.6666666666666666,1.0,0.8
img-637_jpg.rf.da938f6be40bedcab74f84fcf8fd9d03.jpg,YOLOv8-FPN,0.25,2,4,2,2,0,0.5,1.0,0.6666666666666666
img-637_jpg.rf.da938f6be40bedcab74f84fcf8fd9d03.jpg,YOLOv8n,0.5,2,2,2,0,0,1.0,1.0,1.0
img-637_jpg.rf.da938f6be40bedcab74f84fcf8fd9d03.jpg,YOLOv9c,0.5,2,1,1,0,1,1.0,0.5,0.6666666666666666
img-637_jpg.rf.da938f6be40bedcab74f84fcf8fd9d03.jpg,YOLOv11,0.5,2,1,1,0,1,1.0,0.5,0.6666666666666666
img-637_jpg.rf.da938f6be40bedcab74f84fcf8fd9d03.jpg,YOLOv12n,0.5,2,1,1,0,1,1.0,0.5,0.6666666666666666
img-637_jpg.rf.da938f6be40bedcab74f84fcf8fd9d03.jpg,YOLOv8-FPN,0.5,2,2,2,0,0,1.0,1.0,1.0
img-637_jpg.rf.da938f6be40bedcab74f84fcf8fd9d03.jpg,YOLOv8n,0.7,2,0,0,0,2,0.0,0.0,0.0
img-637_jpg.rf.da938f6be40bedcab74f84fcf8fd9d03.jpg,YOLOv9c,0.7,2,0,0,0,2,0.0,0.0,0.0
img-637_jpg.rf.da938f6be40bedcab74f84fcf8fd9d03.jpg,YOLOv11,0.7,2,0,0,0,2,0.0,0.0,0.0
img-637_jpg.rf.da938f6be40bedcab74f84fcf8fd9d03.jpg,YOLOv12n,0.7,2,0,0,0,2,0.0,0.0,0.0
img-637_jpg.rf.da938f6be40bedcab74f84fcf8fd9d03.jpg,YOLOv8-FPN,0.7,2,0,0,0,2,0.0,0.0,0.0
img-657_jpg.rf.38f91274d8842bfc54266b724536cd8b.jpg,YOLOv8n,0.25,1,1,1,0,0,1.0,1.0,1.0
img-657_jpg.rf.38f91274d8842bfc54266b724536cd8b.jpg,YOLOv9c,0.25,1,1,1,0,0,1.0,1.0,1.0
img-657_jpg.rf.38f91274d8842bfc54266b724536cd8b.jpg,YOLOv11,0.25,1,1,1,0,0,1.0,1.0,1.0
img-657_jpg.rf.38f91274d8842bfc54266b724536cd8b.jpg,YOLOv12n,0.25,1,1,1,0,0,1.0,1.0,1.0
img-657_jpg.rf.38f91274d8842bfc54266b724536cd8b.jpg,YOLOv8-FPN,0.25,1,1,1,0,0,1.0,1.0,1.0
img-657_jpg.rf.38f91274d8842bfc54266b724536cd8b.jpg,YOLOv8n,0.5,1,1,1,0,0,1.0,1.0,1.0
img-657_jpg.rf.38f91274d8842bfc54266b724536cd8b.jpg,YOLOv9c,0.5,1,1,1,0,0,1.0,1.0,1.0
img-657_jpg.rf.38f91274d8842bfc54266b724536cd8b.jpg,YOLOv11,0.5,1,1,1,0,0,1.0,1.0,1.0
img-657_jpg.rf.38f91274d8842bfc54266b724536cd8b.jpg,YOLOv12n,0.5,1,1,1,0,0,1.0,1.0,1.0
img-657_jpg.rf.38f91274d8842bfc54266b724536cd8b.jpg,YOLOv8-FPN,0.5,1,1,1,0,0,1.0,1.0,1.0
img-657_jpg.rf.38f91274d8842bfc54266b724536cd8b.jpg,YOLOv8n,0.7,1,1,1,0,0,1.0,1.0,1.0
img-657_jpg.rf.38f91274d8842bfc54266b724536cd8b.jpg,YOLOv9c,0.7,1,1,1,0,0,1.0,1.0,1.0
img-657_jpg.rf.38f91274d8842bfc54266b724536cd8b.jpg,YOLOv11,0.7,1,1,1,0,0,1.0,1.0,1.0
img-657_jpg.rf.38f91274d8842bfc54266b724536cd8b.jpg,YOLOv12n,0.7,1,1,1,0,0,1.0,1.0,1.0
img-657_jpg.rf.38f91274d8842bfc54266b724536cd8b.jpg,YOLOv8-FPN,0.7,1,1,1,0,0,1.0,1.0,1.0
img-77_jpg.rf.eaab7367cee69a5f72324b0604eff359.jpg,YOLOv8n,0.25,4,4,4,0,0,1.0,1.0,1.0
img-77_jpg.rf.eaab7367cee69a5f72324b0604eff359.jpg,YOLOv9c,0.25,4,4,4,0,0,1.0,1.0,1.0
img-77_jpg.rf.eaab7367cee69a5f72324b0604eff359.jpg,YOLOv11,0.25,4,3,3,0,1,1.0,0.75,0.8571428571428571
img-77_jpg.rf.eaab7367cee69a5f72324b0604eff359.jpg,YOLOv12n,0.25,4,4,4,0,0,1.0,1.0,1.0
img-77_jpg.rf.eaab7367cee69a5f72324b0604eff359.jpg,YOLOv8-FPN,0.25,4,4,3,1,1,0.75,0.75,0.75
img-77_jpg.rf.eaab7367cee69a5f72324b0604eff359.jpg,YOLOv8n,0.5,4,2,2,0,2,1.0,0.5,0.6666666666666666
img-77_jpg.rf.eaab7367cee69a5f72324b0604eff359.jpg,YOLOv9c,0.5,4,2,2,0,2,1.0,0.5,0.6666666666666666
img-77_jpg.rf.eaab7367cee69a5f72324b0604eff359.jpg,YOLOv11,0.5,4,3,3,0,1,1.0,0.75,0.8571428571428571
img-77_jpg.rf.eaab7367cee69a5f72324b0604eff359.jpg,YOLOv12n,0.5,4,3,3,0,1,1.0,0.75,0.8571428571428571
img-77_jpg.rf.eaab7367cee69a5f72324b0604eff359.jpg,YOLOv8-FPN,0.5,4,1,1,0,3,1.0,0.25,0.4
img-77_jpg.rf.eaab7367cee69a5f72324b0604eff359.jpg,YOLOv8n,0.7,4,1,1,0,3,1.0,0.25,0.4
img-77_jpg.rf.eaab7367cee69a5f72324b0604eff359.jpg,YOLOv9c,0.7,4,2,2,0,2,1.0,0.5,0.6666666666666666
img-77_jpg.rf.eaab7367cee69a5f72324b0604eff359.jpg,YOLOv11,0.7,4,2,2,0,2,1.0,0.5,0.6666666666666666
img-77_jpg.rf.eaab7367cee69a5f72324b0604eff359.jpg,YOLOv12n,0.7,4,2,2,0,2,1.0,0.5,0.6666666666666666
img-77_jpg.rf.eaab7367cee69a5f72324b0604eff359.jpg,YOLOv8-FPN,0.7,4,1,1,0,3,1.0,0.25,0.4
po_1523_jpg.rf.347ef3cfa4e54d194276b79d8f36777f.jpg,YOLOv8n,0.25,1,1,1,0,0,1.0,1.0,1.0
po_1523_jpg.rf.347ef3cfa4e54d194276b79d8f36777f.jpg,YOLOv9c,0.25,1,1,1,0,0,1.0,1.0,1.0
po_1523_jpg.rf.347ef3cfa4e54d194276b79d8f36777f.jpg,YOLOv11,0.25,1,2,1,1,0,0.5,1.0,0.6666666666666666
po_1523_jpg.rf.347ef3cfa4e54d194276b79d8f36777f.jpg,YOLOv12n,0.25,1,1,1,0,0,1.0,1.0,1.0
po_1523_jpg.rf.347ef3cfa4e54d194276b79d8f36777f.jpg,YOLOv8-FPN,0.25,1,2,1,1,0,0.5,1.0,0.6666666666666666
po_1523_jpg.rf.347ef3cfa4e54d194276b79d8f36777f.jpg,YOLOv8n,0.5,1,1,1,0,0,1.0,1.0,1.0
po_1523_jpg.rf.347ef3cfa4e54d194276b79d8f36777f.jpg,YOLOv9c,0.5,1,1,1,0,0,1.0,1.0,1.0
po_1523_jpg.rf.347ef3cfa4e54d194276b79d8f36777f.jpg,YOLOv11,0.5,1,1,1,0,0,1.0,1.0,1.0
po_1523_jpg.rf.347ef3cfa4e54d194276b79d8f36777f.jpg,YOLOv12n,0.5,1,1,1,0,0,1.0,1.0,1.0
po_1523_jpg.rf.347ef3cfa4e54d194276b79d8f36777f.jpg,YOLOv8-FPN,0.5,1,2,1,1,0,0.5,1.0,0.6666666666666666
po_1523_jpg.rf.347ef3cfa4e54d194276b79d8f36777f.jpg,YOLOv8n,0.7,1,1,1,0,0,1.0,1.0,1.0
po_1523_jpg.rf.347ef3cfa4e54d194276b79d8f36777f.jpg,YOLOv9c,0.7,1,1,1,0,0,1.0,1.0,1.0
po_1523_jpg.rf.347ef3cfa4e54d194276b79d8f36777f.jpg,YOLOv11,0.7,1,1,1,0,0,1.0,1.0,1.0
po_1523_jpg.rf.347ef3cfa4e54d194276b79d8f36777f.jpg,YOLOv12n,0.7,1,1,1,0,0,1.0,1.0,1.0
po_1523_jpg.rf.347ef3cfa4e54d194276b79d8f36777f.jpg,YOLOv8-FPN,0.7,1,1,1,0,0,1.0,1.0,1.0
po_1953_jpg.rf.9ab13ee6462c80b6fa4e458bff0ad228.jpg,YOLOv8n,0.25,2,1,1,0,1,1.0,0.5,0.6666666666666666
po_1953_jpg.rf.9ab13ee6462c80b6fa4e458bff0ad228.jpg,YOLOv9c,0.25,2,1,1,0,1,1.0,0.5,0.6666666666666666
po_1953_jpg.rf.9ab13ee6462c80b6fa4e458bff0ad228.jpg,YOLOv11,0.25,2,1,1,0,1,1.0,0.5,0.6666666666666666
po_1953_jpg.rf.9ab13ee6462c80b6fa4e458bff0ad228.jpg,YOLOv12n,0.25,2,1,1,0,1,1.0,0.5,0.6666666666666666
po_1953_jpg.rf.9ab13ee6462c80b6fa4e458bff0ad228.jpg,YOLOv8-FPN,0.25,2,2,2,0,0,1.0,1.0,1.0
po_1953_jpg.rf.9ab13ee6462c80b6fa4e458bff0ad228.jpg,YOLOv8n,0.5,2,1,1,0,1,1.0,0.5,0.6666666666666666
po_1953_jpg.rf.9ab13ee6462c80b6fa4e458bff0ad228.jpg,YOLOv9c,0.5,2,1,1,0,1,1.0,0.5,0.6666666666666666
po_1953_jpg.rf.9ab13ee6462c80b6fa4e458bff0ad228.jpg,YOLOv11,0.5,2,1,1,0,1,1.0,0.5,0.6666666666666666
po_1953_jpg.rf.9ab13ee6462c80b6fa4e458bff0ad228.jpg,YOLOv12n,0.5,2,1,1,0,1,1.0,0.5,0.6666666666666666
po_1953_jpg.rf.9ab13ee6462c80b6fa4e458bff0ad228.jpg,YOLOv8-FPN,0.5,2,1,1,0,1,1.0,0.5,0.6666666666666666
po_1953_jpg.rf.9ab13ee6462c80b6fa4e458bff0ad228.jpg,YOLOv8n,0.7,2,1,1,0,1,1.0,0.5,0.6666666666666666
po_1953_jpg.rf.9ab13ee6462c80b6fa4e458bff0ad228.jpg,YOLOv9c,0.7,2,1,1,0,1,1.0,0.5,0.6666666666666666
po_1953_jpg.rf.9ab13ee6462c80b6fa4e458bff0ad228.jpg,YOLOv11,0.7,2,1,1,0,1,1.0,0.5,0.6666666666666666
po_1953_jpg.rf.9ab13ee6462c80b6fa4e458bff0ad228.jpg,YOLOv12n,0.7,2,1,1,0,1,1.0,0.5,0.6666666666666666
po_1953_jpg.rf.9ab13ee6462c80b6fa4e458bff0ad228.jpg,YOLOv8-FPN,0.7,2,0,0,0,2,0.0,0.0,0.0
po_253_jpg.rf.f401c91701dd2e4d8812b65b272aff42.jpg,YOLOv8n,0.25,5,6,5,1,0,0.8333333333333334,1.0,0.9090909090909091
po_253_jpg.rf.f401c91701dd2e4d8812b65b272aff42.jpg,YOLOv9c,0.25,5,6,5,1,0,0.8333333333333334,1.0,0.9090909090909091
po_253_jpg.rf.f401c91701dd2e4d8812b65b272aff42.jpg,YOLOv11,0.25,5,6,5,1,0,0.8333333333333334,1.0,0.9090909090909091
po_253_jpg.rf.f401c91701dd2e4d8812b65b272aff42.jpg,YOLOv12n,0.25,5,6,5,1,0,0.8333333333333334,1.0,0.9090909090909091
po_253_jpg.rf.f401c91701dd2e4d8812b65b272aff42.jpg,YOLOv8-FPN,0.25,5,6,5,1,0,0.8333333333333334,1.0,0.9090909090909091
po_253_jpg.rf.f401c91701dd2e4d8812b65b272aff42.jpg,YOLOv8n,0.5,5,6,5,1,0,0.8333333333333334,1.0,0.9090909090909091
po_253_jpg.rf.f401c91701dd2e4d8812b65b272aff42.jpg,YOLOv9c,0.5,5,6,5,1,0,0.8333333333333334,1.0,0.9090909090909091
po_253_jpg.rf.f401c91701dd2e4d8812b65b272aff42.jpg,YOLOv11,0.5,5,6,5,1,0,0.8333333333333334,1.0,0.9090909090909091
po_253_jpg.rf.f401c91701dd2e4d8812b65b272aff42.jpg,YOLOv12n,0.5,5,5,5,0,0,1.0,1.0,1.0
po_253_jpg.rf.f401c91701dd2e4d8812b65b272aff42.jpg,YOLOv8-FPN,0.5,5,5,5,0,0,1.0,1.0,1.0
po_253_jpg.rf.f401c91701dd2e4d8812b65b272aff42.jpg,YOLOv8n,0.7,5,4,4,0,1,1.0,0.8,0.888888888888889
po_253_jpg.rf.f401c91701dd2e4d8812b65b272aff42.jpg,YOLOv9c,0.7,5,3,3,0,2,1.0,0.6,0.7499999999999999
po_253_jpg.rf.f401c91701dd2e4d8812b65b272aff42.jpg,YOLOv11,0.7,5,4,4,0,1,1.0,0.8,0.888888888888889
po_253_jpg.rf.f401c91701dd2e4d8812b65b272aff42.jpg,YOLOv12n,0.7,5,3,3,0,2,1.0,0.6,0.7499999999999999
po_253_jpg.rf.f401c91701dd2e4d8812b65b272aff42.jpg,YOLOv8-FPN,0.7,5,3,3,0,2,1.0,0.6,0.7499999999999999
po_3487_jpg.rf.bb6a83dd239a5f1debfc80613f9917c7.jpg,YOLOv8n,0.25,2,2,2,0,0,1.0,1.0,1.0
po_3487_jpg.rf.bb6a83dd239a5f1debfc80613f9917c7.jpg,YOLOv9c,0.25,2,2,2,0,0,1.0,1.0,1.0
po_3487_jpg.rf.bb6a83dd239a5f1debfc80613f9917c7.jpg,YOLOv11,0.25,2,2,2,0,0,1.0,1.0,1.0
po_3487_jpg.rf.bb6a83dd239a5f1debfc80613f9917c7.jpg,YOLOv12n,0.25,2,2,2,0,0,1.0,1.0,1.0
po_3487_jpg.rf.bb6a83dd239a5f1debfc80613f9917c7.jpg,YOLOv8-FPN,0.25,2,2,2,0,0,1.0,1.0,1.0
po_3487_jpg.rf.bb6a83dd239a5f1debfc80613f9917c7.jpg,YOLOv8n,0.5,2,2,2,0,0,1.0,1.0,1.0
po_3487_jpg.rf.bb6a83dd239a5f1debfc80613f9917c7.jpg,YOLOv9c,0.5,2,2,2,0,0,1.0,1.0,1.0
po_3487_jpg.rf.bb6a83dd239a5f1debfc80613f9917c7.jpg,YOLOv11,0.5,2,2,2,0,0,1.0,1.0,1.0
po_3487_jpg.rf.bb6a83dd239a5f1debfc80613f9917c7.jpg,YOLOv12n,0.5,2,2,2,0,0,1.0,1.0,1.0
po_3487_jpg.rf.bb6a83dd239a5f1debfc80613f9917c7.jpg,YOLOv8-FPN,0.5,2,2,2,0,0,1.0,1.0,1.0
po_3487_jpg.rf.bb6a83dd239a5f1debfc80613f9917c7.jpg,YOLOv8n,0.7,2,2,2,0,0,1.0,1.0,1.0
po_3487_jpg.rf.bb6a83dd239a5f1debfc80613f9917c7.jpg,YOLOv9c,0.7,2,1,1,0,1,1.0,0.5,0.6666666666666666
po_3487_jpg.rf.bb6a83dd239a5f1debfc80613f9917c7.jpg,YOLOv11,0.7,2,1,1,0,1,1.0,0.5,0.6666666666666666
po_3487_jpg.rf.bb6a83dd239a5f1debfc80613f9917c7.jpg,YOLOv12n,0.7,2,2,2,0,0,1.0,1.0,1.0
po_3487_jpg.rf.bb6a83dd239a5f1debfc80613f9917c7.jpg,YOLOv8-FPN,0.7,2,2,2,0,0,1.0,1.0,1.0
po_668_jpg.rf.beabdfb2ad0befc73e393e40c7c8ddfd.jpg,YOLOv8n,0.25,6,4,3,1,3,0.75,0.5,0.6
po_668_jpg.rf.beabdfb2ad0befc73e393e40c7c8ddfd.jpg,YOLOv9c,0.25,6,4,4,0,2,1.0,0.6666666666666666,0.8
po_668_jpg.rf.beabdfb2ad0befc73e393e40c7c8ddfd.jpg,YOLOv11,0.25,6,4,4,0,2,1.0,0.6666666666666666,0.8
po_668_jpg.rf.beabdfb2ad0befc73e393e40c7c8ddfd.jpg,YOLOv12n,0.25,6,6,4,2,2,0.6666666666666666,0.6666666666666666,0.6666666666666666
po_668_jpg.rf.beabdfb2ad0befc73e393e40c7c8ddfd.jpg,YOLOv8-FPN,0.25,6,5,4,1,2,0.8,0.6666666666666666,0.7272727272727272
po_668_jpg.rf.beabdfb2ad0befc73e393e40c7c8ddfd.jpg,YOLOv8n,0.5,6,3,3,0,3,1.0,0.5,0.6666666666666666
po_668_jpg.rf.beabdfb2ad0befc73e393e40c7c8ddfd.jpg,YOLOv9c,0.5,6,3,3,0,3,1.0,0.5,0.6666666666666666
po_668_jpg.rf.beabdfb2ad0befc73e393e40c7c8ddfd.jpg,YOLOv11,0.5,6,2,2,0,4,1.0,0.3333333333333333,0.5
po_668_jpg.rf.beabdfb2ad0befc73e393e40c7c8ddfd.jpg,YOLOv12n,0.5,6,3,3,0,3,1.0,0.5,0.6666666666666666
po_668_jpg.rf.beabdfb2ad0befc73e393e40c7c8ddfd.jpg,YOLOv8-FPN,0.5,6,1,1,0,5,1.0,0.16666666666666666,0.2857142857142857
po_668_jpg.rf.beabdfb2ad0befc73e393e40c7c8ddfd.jpg,YOLOv8n,0.7,6,1,1,0,5,1.0,0.16666666666666666,0.2857142857142857
po_668_jpg.rf.beabdfb2ad0befc73e393e40c7c8ddfd.jpg,YOLOv9c,0.7,6,1,1,0,5,1.0,0.16666666666666666,0.2857142857142857
po_668_jpg.rf.beabdfb2ad0befc73e393e40c7c8ddfd.jpg,YOLOv11,0.7,6,1,1,0,5,1.0,0.16666666666666666,0.2857142857142857
po_668_jpg.rf.beabdfb2ad0befc73e393e40c7c8ddfd.jpg,YOLOv12n,0.7,6,1,1,0,5,1.0,0.16666666666666666,0.2857142857142857
po_668_jpg.rf.beabdfb2ad0befc73e393e40c7c8ddfd.jpg,YOLOv8-FPN,0.7,6,0,0,0,6,0.0,0.0,0.0
pothole-166-_jpg.rf.4f51880e8f566fd28f62fb11c7b98445.jpg,YOLOv8n,0.25,3,3,1,2,2,0.3333333333333333,0.3333333333333333,0.3333333333333333
pothole-166-_jpg.rf.4f51880e8f566fd28f62fb11c7b98445.jpg,YOLOv9c,0.25,3,4,2,2,1,0.5,0.6666666666666666,0.5714285714285715
pothole-166-_jpg.rf.4f51880e8f566fd28f62fb11c7b98445.jpg,YOLOv11,0.25,3,3,1,2,2,0.3333333333333333,0.3333333333333333,0.3333333333333333
pothole-166-_jpg.rf.4f51880e8f566fd28f62fb11c7b98445.jpg,YOLOv12n,0.25,3,4,2,2,1,0.5,0.6666666666666666,0.5714285714285715
pothole-166-_jpg.rf.4f51880e8f566fd28f62fb11c7b98445.jpg,YOLOv8-FPN,0.25,3,1,1,0,2,1.0,0.3333333333333333,0.5
pothole-166-_jpg.rf.4f51880e8f566fd28f62fb11c7b98445.jpg,YOLOv8n,0.5,3,1,1,0,2,1.0,0.3333333333333333,0.5
pothole-166-_jpg.rf.4f51880e8f566fd28f62fb11c7b98445.jpg,YOLOv9c,0.5,3,1,1,0,2,1.0,0.3333333333333333,0.5
pothole-166-_jpg.rf.4f51880e8f566fd28f62fb11c7b98445.jpg,YOLOv11,0.5,3,1,1,0,2,1.0,0.3333333333333333,0.5
pothole-166-_jpg.rf.4f51880e8f566fd28f62fb11c7b98445.jpg,YOLOv12n,0.5,3,1,1,0,2,1.0,0.3333333333333333,0.5
pothole-166-_jpg.rf.4f51880e8f566fd28f62fb11c7b98445.jpg,YOLOv8-FPN,0.5,3,0,0,0,3,0.0,0.0,0.0
pothole-166-_jpg.rf.4f51880e8f566fd28f62fb11c7b98445.jpg,YOLOv8n,0.7,3,0,0,0,3,0.0,0.0,0.0
pothole-166-_jpg.rf.4f51880e8f566fd28f62fb11c7b98445.jpg,YOLOv9c,0.7,3,0,0,0,3,0.0,0.0,0.0
pothole-166-_jpg.rf.4f51880e8f566fd28f62fb11c7b98445.jpg,YOLOv11,0.7,3,0,0,0,3,0.0,0.0,0.0
pothole-166-_jpg.rf.4f51880e8f566fd28f62fb11c7b98445.jpg,YOLOv12n,0.7,3,0,0,0,3,0.0,0.0,0.0
pothole-166-_jpg.rf.4f51880e8f566fd28f62fb11c7b98445.jpg,YOLOv8-FPN,0.7,3,0,0,0,3,0.0,0.0,0.0
potholes27_png_jpg.rf.c5ee785982e7f6bb9bc446c51db54437.jpg,YOLOv8n,0.25,1,1,1,0,0,1.0,1.0,1.0
potholes27_png_jpg.rf.c5ee785982e7f6bb9bc446c51db54437.jpg,YOLOv9c,0.25,1,2,1,1,0,0.5,1.0,0.6666666666666666
potholes27_png_jpg.rf.c5ee785982e7f6bb9bc446c51db54437.jpg,YOLOv11,0.25,1,1,1,0,0,1.0,1.0,1.0
potholes27_png_jpg.rf.c5ee785982e7f6bb9bc446c51db54437.jpg,YOLOv12n,0.25,1,1,1,0,0,1.0,1.0,1.0
potholes27_png_jpg.rf.c5ee785982e7f6bb9bc446c51db54437.jpg,YOLOv8-FPN,0.25,1,1,1,0,0,1.0,1.0,1.0
potholes27_png_jpg.rf.c5ee785982e7f6bb9bc446c51db54437.jpg,YOLOv8n,0.5,1,1,1,0,0,1.0,1.0,1.0
potholes27_png_jpg.rf.c5ee785982e7f6bb9bc446c51db54437.jpg,YOLOv9c,0.5,1,2,1,1,0,0.5,1.0,0.6666666666666666
potholes27_png_jpg.rf.c5ee785982e7f6bb9bc446c51db54437.jpg,YOLOv11,0.5,1,1,1,0,0,1.0,1.0,1.0
potholes27_png_jpg.rf.c5ee785982e7f6bb9bc446c51db54437.jpg,YOLOv12n,0.5,1,1,1,0,0,1.0,1.0,1.0
potholes27_png_jpg.rf.c5ee785982e7f6bb9bc446c51db54437.jpg,YOLOv8-FPN,0.5,1,1,1,0,0,1.0,1.0,1.0
potholes27_png_jpg.rf.c5ee785982e7f6bb9bc446c51db54437.jpg,YOLOv8n,0.7,1,0,0,0,1,0.0,0.0,0.0
potholes27_png_jpg.rf.c5ee785982e7f6bb9bc446c51db54437.jpg,YOLOv9c,0.7,1,1,1,0,0,1.0,1.0,1.0
potholes27_png_jpg.rf.c5ee785982e7f6bb9bc446c51db54437.jpg,YOLOv11,0.7,1,1,1,0,0,1.0,1.0,1.0
potholes27_png_jpg.rf.c5ee785982e7f6bb9bc446c51db54437.jpg,YOLOv12n,0.7,1,1,1,0,0,1.0,1.0,1.0
potholes27_png_jpg.rf.c5ee785982e7f6bb9bc446c51db54437.jpg,YOLOv8-FPN,0.7,1,1,1,0,0,1.0,1.0,1.0
potholes448_png.rf.6c01d7c1a42aaceccde32d041bc66612.jpg,YOLOv8n,0.25,2,2,2,0,0,1.0,1.0,1.0
potholes448_png.rf.6c01d7c1a42aaceccde32d041bc66612.jpg,YOLOv9c,0.25,2,2,2,0,0,1.0,1.0,1.0
potholes448_png.rf.6c01d7c1a42aaceccde32d041bc66612.jpg,YOLOv11,0.25,2,1,1,0,1,1.0,0.5,0.6666666666666666
potholes448_png.rf.6c01d7c1a42aaceccde32d041bc66612.jpg,YOLOv12n,0.25,2,3,2,1,0,0.6666666666666666,1.0,0.8
potholes448_png.rf.6c01d7c1a42aaceccde32d041bc66612.jpg,YOLOv8-FPN,0.25,2,1,1,0,1,1.0,0.5,0.6666666666666666
potholes448_png.rf.6c01d7c1a42aaceccde32d041bc66612.jpg,YOLOv8n,0.5,2,1,1,0,1,1.0,0.5,0.6666666666666666
potholes448_png.rf.6c01d7c1a42aaceccde32d041bc66612.jpg,YOLOv9c,0.5,2,2,2,0,0,1.0,1.0,1.0
potholes448_png.rf.6c01d7c1a42aaceccde32d041bc66612.jpg,YOLOv11,0.5,2,1,1,0,1,1.0,0.5,0.6666666666666666
potholes448_png.rf.6c01d7c1a42aaceccde32d041bc66612.jpg,YOLOv12n,0.5,2,1,1,0,1,1.0,0.5,0.6666666666666666
potholes448_png.rf.6c01d7c1a42aaceccde32d041bc66612.jpg,YOLOv8-FPN,0.5,2,1,1,0,1,1.0,0.5,0.6666666666666666
potholes448_png.rf.6c01d7c1a42aaceccde32d041bc66612.jpg,YOLOv8n,0.7,2,1,1,0,1,1.0,0.5,0.6666666666666666
potholes448_png.rf.6c01d7c1a42aaceccde32d041bc66612.jpg,YOLOv9c,0.7,2,1,1,0,1,1.0,0.5,0.6666666666666666
potholes448_png.rf.6c01d7c1a42aaceccde32d041bc66612.jpg,YOLOv11,0.7,2,1,1,0,1,1.0,0.5,0.6666666666666666
potholes448_png.rf.6c01d7c1a42aaceccde32d041bc66612.jpg,YOLOv12n,0.7,2,1,1,0,1,1.0,0.5,0.6666666666666666
potholes448_png.rf.6c01d7c1a42aaceccde32d041bc66612.jpg,YOLOv8-FPN,0.7,2,1,1,0,1,1.0,0.5,0.6666666666666666
vlcsnap-2020-04-12-01h08m47s479_jpg.rf.1af176a31690b2f3d12de4b9504d3a50.jpg,YOLOv8n,0.25,1,0,0,0,1,0.0,0.0,0.0
vlcsnap-2020-04-12-01h08m47s479_jpg.rf.1af176a31690b2f3d12de4b9504d3a50.jpg,YOLOv9c,0.25,1,0,0,0,1,0.0,0.0,0.0
vlcsnap-2020-04-12-01h08m47s479_jpg.rf.1af176a31690b2f3d12de4b9504d3a50.jpg,YOLOv11,0.25,1,1,1,0,0,1.0,1.0,1.0
vlcsnap-2020-04-12-01h08m47s479_jpg.rf.1af176a31690b2f3d12de4b9504d3a50.jpg,YOLOv12n,0.25,1,0,0,0,1,0.0,0.0,0.0
vlcsnap-2020-04-12-01h08m47s479_jpg.rf.1af176a31690b2f3d12de4b9504d3a50.jpg,YOLOv8-FPN,0.25,1,1,1,0,0,1.0,1.0,1.0
vlcsnap-2020-04-12-01h08m47s479_jpg.rf.1af176a31690b2f3d12de4b9504d3a50.jpg,YOLOv8n,0.5,1,0,0,0,1,0.0,0.0,0.0
vlcsnap-2020-04-12-01h08m47s479_jpg.rf.1af176a31690b2f3d12de4b9504d3a50.jpg,YOLOv9c,0.5,1,0,0,0,1,0.0,0.0,0.0
vlcsnap-2020-04-12-01h08m47s479_jpg.rf.1af176a31690b2f3d12de4b9504d3a50.jpg,YOLOv11,0.5,1,0,0,0,1,0.0,0.0,0.0
vlcsnap-2020-04-12-01h08m47s479_jpg.rf.1af176a31690b2f3d12de4b9504d3a50.jpg,YOLOv12n,0.5,1,0,0,0,1,0.0,0.0,0.0
vlcsnap-2020-04-12-01h08m47s479_jpg.rf.1af176a31690b2f3d12de4b9504d3a50.jpg,YOLOv8-FPN,0.5,1,0,0,0,1,0.0,0.0,0.0
vlcsnap-2020-04-12-01h08m47s479_jpg.rf.1af176a31690b2f3d12de4b9504d3a50.jpg,YOLOv8n,0.7,1,0,0,0,1,0.0,0.0,0.0
vlcsnap-2020-04-12-01h08m47s479_jpg.rf.1af176a31690b2f3d12de4b9504d3a50.jpg,YOLOv9c,0.7,1,0,0,0,1,0.0,0.0,0.0
vlcsnap-2020-04-12-01h08m47s479_jpg.rf.1af176a31690b2f3d12de4b9504d3a50.jpg,YOLOv11,0.7,1,0,0,0,1,0.0,0.0,0.0
vlcsnap-2020-04-12-01h08m47s479_jpg.rf.1af176a31690b2f3d12de4b9504d3a50.jpg,YOLOv12n,0.7,1,0,0,0,1,0.0,0.0,0.0
vlcsnap-2020-04-12-01h08m47s479_jpg.rf.1af176a31690b2f3d12de4b9504d3a50.jpg,YOLOv8-FPN,0.7,1,0,0,0,1,0.0,0.0,0.0
